-- phpMyAdmin SQL Dump
-- version 5.2.0
-- https://www.phpmyadmin.net/
--
-- Host: 127.0.0.1
-- Generation Time: Jan 01, 2023 at 07:13 AM
-- Server version: 10.4.24-MariaDB
-- PHP Version: 8.1.6

SET SQL_MODE = "NO_AUTO_VALUE_ON_ZERO";
START TRANSACTION;
SET time_zone = "+00:00";


/*!40101 SET @OLD_CHARACTER_SET_CLIENT=@@CHARACTER_SET_CLIENT */;
/*!40101 SET @OLD_CHARACTER_SET_RESULTS=@@CHARACTER_SET_RESULTS */;
/*!40101 SET @OLD_COLLATION_CONNECTION=@@COLLATION_CONNECTION */;
/*!40101 SET NAMES utf8mb4 */;

--
-- Database: `laporan_emiten_prod`
--

-- --------------------------------------------------------

--
-- Table structure for table `arus_kas`
--

CREATE TABLE `arus_kas` (
  `operasi` bigint(20) NOT NULL,
  `investasi` bigint(20) NOT NULL,
  `pendanaan` bigint(20) NOT NULL,
  `id` char(36) CHARACTER SET utf8mb4 COLLATE utf8mb4_bin NOT NULL,
  `created_at` datetime DEFAULT NULL,
  `updated_at` datetime DEFAULT NULL,
  `deleted_at` datetime DEFAULT NULL
) ENGINE=InnoDB DEFAULT CHARSET=utf8mb4;

--
-- Dumping data for table `arus_kas`
--

INSERT INTO `arus_kas` (`operasi`, `investasi`, `pendanaan`, `id`, `created_at`, `updated_at`, `deleted_at`) VALUES
(4610946676000, -2394265916000, -624780324000, '0172ff3a-1c5c-4b84-80e5-11888b2d91e4', '2022-07-01 03:28:57', '2022-07-01 03:28:57', NULL),
(2154841521000, -2029366281000, -394161417000, '02c412a2-1731-4a94-8788-0bc5763a0260', '2022-06-29 09:16:53', '2022-06-29 09:16:53', NULL),
(177744695593, -41905165293, 66914109380, '048fe182-30c2-4aea-9cba-7122d5ad33fc', '2022-12-29 15:19:43', '2022-12-29 15:19:43', NULL),
(804332455000, -11044039000, -1251986000000, '0766d87e-9b68-45ce-8254-588481fb54fc', '2022-07-05 07:03:48', '2022-07-05 07:03:48', NULL),
(3251426145000, -668827597000, -4709234033000, '083b5112-7ae6-4475-8bed-06e1a2a7b328', '2022-06-30 12:20:56', '2022-06-30 12:20:56', NULL),
(430370000000, -326989000000, 61865000000, '0984aaf8-c527-494a-b796-508769029912', '2022-06-01 13:43:57', '2022-06-01 13:43:57', NULL),
(632631168000, -1114152828000, -429283840000, '0995d690-469c-4612-b1c4-22ddd3c08b8f', '2022-06-29 08:25:31', '2022-06-29 08:25:31', NULL),
(373234000000, 78428000000, -120874000000, '0a7c86e6-f5cc-4ab5-9bd8-db65baa331fe', '2022-06-01 04:13:33', '2022-06-01 04:13:33', NULL),
(1985356448000, -105051636000, -234047376000, '10b164f7-4578-4d66-a399-0f460fed27aa', '2022-07-03 10:24:48', '2022-07-03 10:24:48', NULL),
(-31962462055, -25222260057, 115238624998, '1141b81c-e97e-49c5-80ad-cbcf30ef00d0', '2022-12-25 09:29:39', '2022-12-25 09:29:39', NULL),
(-29678580667, -68259652355, -56414823125, '136fbee9-e9d0-4230-a7dc-c65e6e002d11', '2022-12-25 14:52:18', '2022-12-25 14:52:18', NULL),
(624827624000, 469132691000, 1186317272000, '19efdf6b-7300-436e-a76e-514bfe4b84f0', '2022-06-04 08:31:31', '2022-06-04 08:31:31', NULL),
(2842953425000, -5620984392000, 2761699650000, '1a30645c-1cab-4cf0-bdc8-a078bb9a979e', '2022-06-04 07:31:55', '2022-06-04 07:31:55', NULL),
(458818977000, 22556663000, -405542015000, '1a553b00-e6ad-45bb-9495-fd7ab8aed3d6', '2022-06-29 06:08:31', '2022-06-29 06:08:31', NULL),
(2359939809000, 1607090578000, -3651258546000, '1af24758-6c3f-46d2-b38c-91581c18d5fc', '2022-06-02 16:03:57', '2022-06-02 16:03:57', NULL),
(1046272000000, 287112000000, -147012000000, '1c3a6c2c-c36f-407d-942f-29e2c2e8bf4c', '2022-05-28 14:38:01', '2022-05-28 14:38:01', NULL),
(358065672000, -232960620000, 206139168000, '1d49d9fa-554e-4381-8e78-3b01253bf8c1', '2022-07-03 11:38:47', '2022-07-03 11:38:47', NULL),
(2215946103090, -113432241600, -1697146508880, '253a510f-c85e-40ef-b51b-55c2bcce3d4e', '2022-06-29 06:18:23', '2022-06-29 06:18:23', NULL),
(880084000000, -429469000000, -183802000000, '255355ae-92b1-4d64-906e-635d2b71e7b1', '2022-06-01 13:55:32', '2022-06-01 13:55:32', NULL),
(475646000000, -167623000000, -226486000000, '28c3ef1f-ffcc-4913-b749-e26bd535d6e0', '2022-05-27 10:33:37', '2022-05-27 10:33:37', NULL),
(7293938106000, 760787829000, -7805633916000, '29d1c4f7-28c2-4e3c-b7e8-db014a985e83', '2022-06-02 16:56:14', '2022-06-02 16:56:14', NULL),
(1005870794000, -543658048000, -16262000000, '29d8d9b4-50b4-463a-8e51-ac42259e5c5e', '2022-07-05 07:14:34', '2022-07-05 07:14:34', NULL),
(1854609875000, -543416860000, -77110950000, '29e9f8e7-2c30-47f6-a5b1-14d69621662a', '2022-07-05 06:41:53', '2022-07-05 06:41:53', NULL),
(548752490510, -81025917840, -1000413814780, '2a4f7dd2-7d5e-4e14-8060-ce469a92d97f', '2022-06-28 13:27:11', '2022-06-28 13:27:11', NULL),
(3519512729370, -496787854530, -2616986696940, '2a9c6241-48af-4f98-8caa-3537c7df4976', '2022-06-02 05:59:40', '2022-06-02 05:59:40', NULL),
(1420711148000, -182635434000, -1170370740000, '2bd3e794-1683-4344-821a-78012660f05f', '2022-07-02 08:06:00', '2022-07-02 08:06:00', NULL),
(1664599952080, -442623911470, 1961940137300, '2d4964c7-4339-42bb-aee4-608fd7e85d78', '2022-06-02 17:32:53', '2022-06-02 17:32:53', NULL),
(178335090552, -22391421244, -83524875000, '2d634633-b03c-4a4d-ac65-5be7f3af5b30', '2022-12-25 09:16:08', '2022-12-25 09:16:08', NULL),
(838620000000, -430664000000, -106166000000, '2dfd6adb-3755-4d09-9b6d-73a142ff19b5', '2022-06-01 04:52:48', '2022-06-01 04:52:48', NULL),
(5139234495000, -1573085511000, -3611170413000, '2e094515-9d87-4978-9b58-f4bf0c721434', '2022-07-05 06:49:08', '2022-07-05 06:49:08', NULL),
(557215162630, 301765782530, -1852374001060, '2fe494fc-d23c-49b1-a5cb-e715e1461620', '2022-06-02 06:16:36', '2022-06-02 06:16:36', NULL),
(101050741512, 263093173716, -258035281860, '301735bd-1234-4664-b739-70c146f2aa9e', '2022-09-18 10:48:08', '2022-09-18 10:48:08', NULL),
(1187581000000, 1559552000000, -58906000000, '3460833e-7485-4efd-b57a-943f2befe185', '2022-05-28 14:29:54', '2022-05-28 14:29:54', NULL),
(1243527856000, -1333439524000, -2827741420000, '351aba98-6df1-4737-b2f7-da4df41e20f4', '2022-07-05 06:18:36', '2022-07-05 06:18:36', NULL),
(9128342299000, -3086152992000, -986367922000, '36064a8b-8ab0-40eb-a248-085f121e17c7', '2022-07-02 08:21:26', '2022-07-02 08:21:26', NULL),
(2296246000000, -702801000000, -70078000000, '38086403-e283-41bf-ad81-71648e426a8e', '2022-05-31 16:40:09', '2022-05-31 16:40:09', NULL),
(10391393279, -6544123762, 2831252030, '3bf49ac3-a5af-47e2-8aa7-0d3b435cb48b', '2022-09-18 10:00:02', '2022-09-18 10:00:02', NULL),
(44892024000, -244221408000, 1508785440000, '3cf41b25-c26c-44b4-9e74-360199481f3b', '2022-06-29 07:17:23', '2022-06-29 07:17:23', NULL),
(23403247698, -114874908522, -20819193684, '3d1e895f-25fa-4b92-b50b-061ca1e17bb4', '2022-09-18 08:50:15', '2022-09-18 08:50:15', NULL),
(3658970000000, -1910123000000, 611772000000, '3ef0f172-af4d-460e-a353-3c04934f8a3c', '2022-05-28 14:11:51', '2022-05-28 14:11:51', NULL),
(1038433000000, 48399000000, -2040235000000, '4101fc55-80b8-4bcc-ada4-7a2d576c8eee', '2022-05-31 10:10:15', '2022-05-31 10:10:15', NULL),
(-960332647000, -1174658768000, 1932410213000, '42506e86-8730-4399-a2f3-a43ee59e34fc', '2022-06-29 08:01:46', '2022-06-29 08:01:46', NULL),
(1931468451000, -145873050000, -119034819000, '42d07324-2c39-4182-835b-59d726710acb', '2022-07-03 14:53:22', '2022-07-03 14:53:22', NULL),
(1039984000000, -502994000000, -813593000000, '43ae8787-9c4b-4eeb-8f20-54b719447166', '2022-06-01 07:21:05', '2022-06-01 07:21:05', NULL),
(43056946848, -179338589121, -133468621254, '44e312df-6534-4aef-b862-479d41ec19bd', '2022-12-29 15:27:02', '2022-12-29 15:27:02', NULL),
(9019526808000, -4972563084000, 1490496768000, '465d12a1-4bd6-4faa-b8a7-cfd22e08afbb', '2022-06-04 09:01:57', '2022-06-04 09:01:57', NULL),
(-52162601541, -27357666073, -125230747334, '4671a171-fe47-4e38-8d61-099305e1ac63', '2022-12-25 14:47:22', '2022-12-25 14:47:22', NULL),
(2031482892000, 1207211164000, -2328687212000, '4826b03e-93aa-4814-ad1b-4cf5891f11fd', '2022-06-29 08:57:04', '2022-06-29 08:57:04', NULL),
(280600153000, -84938888000, 355765287000, '486ecc49-cbed-4e0c-9f9a-ac5b54b302bb', '2022-06-29 07:53:59', '2022-06-29 07:53:59', NULL),
(3071629874000, -121196970000, -2486191177000, '48d73951-1fe8-40cc-a57c-5d8804da8134', '2022-07-02 07:35:23', '2022-07-02 07:35:23', NULL),
(1267343291000, -356195863000, -2400652676000, '4a43c4b1-782a-4d71-ae69-d46e9545915b', '2022-07-03 14:20:07', '2022-07-03 14:20:07', NULL),
(4296479000000, -3784778000000, -2033191000000, '4a8b26bd-54db-4fba-81cd-4c6271f6a115', '2022-05-31 14:03:25', '2022-05-31 14:03:25', NULL),
(2979068594000, -676450881000, -749867096000, '4b4584b6-6986-465c-912d-67e2966667ba', '2022-07-02 08:10:51', '2022-07-02 08:10:51', NULL),
(4590096362000, -2075363618000, -3378318334000, '4d1b2963-9e1c-43b3-84e0-f50ac54e8c1f', '2022-07-01 03:50:49', '2022-07-01 03:50:49', NULL),
(619401012000, -1415657616000, 973681212000, '4dbcb942-ba88-453b-9d96-06e4bce974a2', '2022-06-29 08:09:22', '2022-06-29 08:09:22', NULL),
(-1967674599, -7739079551, -50597250000, '5118657a-b36a-4793-b472-5a75272369f6', '2022-12-25 12:21:47', '2022-12-25 12:21:47', NULL),
(33056227758, -17816827030, -11754942636, '522920bd-7a80-4deb-80e7-b3ca7ea670c1', '2022-09-18 09:05:24', '2022-09-18 09:05:24', NULL),
(1951229664000, -329182000000, -816693824000, '52404af3-86d6-4233-87ef-8e28137a40c4', '2022-07-05 11:57:48', '2022-07-05 11:57:48', NULL),
(-64480410082, -24196652470, -19232062502, '549f6e2a-de12-4a48-9e46-b83e5b4759a8', '2022-12-25 14:24:56', '2022-12-25 14:24:56', NULL),
(342537229425, -45741484240, -130265172130, '5784afa7-8d76-4190-9d93-42a3fc4e3ca3', '2022-10-02 15:39:22', '2022-10-02 15:39:22', NULL),
(-47117833627, -36201347463, 108283871127, '58d5557a-cd30-4a1e-9179-ecbd7e762793', '2022-12-25 14:15:32', '2022-12-25 14:15:32', NULL),
(2437712458260, -111655259160, -2634914603070, '5a962f8d-0e55-4f73-b8f5-02f86e14f422', '2022-06-28 14:24:28', '2022-06-28 14:24:28', NULL),
(2203450256000, 1143363292000, -2826410396000, '5e1ebc6c-7ffb-4d0e-b46c-b0508f465f2d', '2022-06-04 10:28:22', '2022-06-04 10:28:22', NULL),
(13128447720000, -11494416752000, -5483787292000, '5e5555eb-a91c-4e0a-acab-3a89b19458ba', '2022-07-01 04:26:29', '2022-07-01 04:26:29', NULL),
(2691513675000, -181658340000, 807030807000, '608e1824-43a0-4baa-9d03-7f33df423d8d', '2022-07-02 19:11:35', '2022-07-02 19:11:35', NULL),
(276678564000, -2297567240000, 565014728000, '64ea97cc-6289-450c-a567-ed9089f2e0ed', '2022-05-21 05:28:25', '2022-05-21 05:28:25', NULL),
(3422804314000, -1671758000, -2218587554000, '65509f9b-4a8a-44a5-8db0-c9cb1b31dd8e', '2022-06-02 06:55:26', '2022-06-02 06:55:26', NULL),
(113488189701, -83628917379, 74748616669, '660232fc-496e-4d41-bdaf-5c012d0b0811', '2022-12-25 14:38:14', '2022-12-25 14:38:14', NULL),
(5669996138840, -1675267831970, 2813345323650, '6673a519-1df2-4d44-8aa3-8ae39b9ee928', '2022-06-02 07:42:21', '2022-06-02 07:42:21', NULL),
(20518002620000, -9208282420000, -2191633270000, '6852acb1-afab-496c-b616-4c13532e310b', '2022-06-30 10:18:47', '2022-06-30 10:18:47', NULL),
(1860685848000, -783683884000, -776930612000, '697517aa-c2c8-4908-9bf0-0e1af8936456', '2022-06-30 09:30:09', '2022-06-30 09:30:09', NULL),
(672077874000, -450415058000, -55204820000, '6c3d45ae-b5b2-4866-9b49-85d5b5362bf6', '2022-06-29 08:31:13', '2022-06-29 08:31:13', NULL),
(11535777840000, -5856304479000, -3900676093000, '6df277ff-ba16-4608-b21c-d818f1d1ee40', '2022-07-02 07:59:38', '2022-07-02 07:59:38', NULL),
(3285474362420, -308804224400, -587670476730, '71bed4fe-0c85-4ad3-b67e-899a819ebabf', '2022-06-01 16:44:50', '2022-06-01 16:44:50', NULL),
(2333051760000, -3638442743000, -3657261907000, '724f15dd-e35b-4cd3-b48c-dd94bf5de0e9', '2022-06-30 12:12:10', '2022-06-30 12:12:10', NULL),
(792367072000, -58535724000, -67672368000, '72d33b00-1b11-42ba-b007-422ae900cc59', '2022-07-02 19:18:37', '2022-07-02 19:18:37', NULL),
(406572204000, 969304600000, -149276192000, '7809959c-8ae8-4e93-93da-61cea0383340', '2022-06-04 10:07:42', '2022-06-04 10:07:42', NULL),
(-30648542159, -7393391828, -61982624998, '79ede89b-7d9a-4466-8bd9-f6bbc39d3f4a', '2022-12-25 06:59:26', '2022-12-25 06:59:26', NULL),
(3039388200000, -4847284256000, 1201916744000, '7a1760d0-5c5b-42aa-b79b-acbd52e32823', '2022-06-02 17:49:48', '2022-06-02 17:49:48', NULL),
(-190730857000, -139656423000, 91035212000, '7b7b91ee-b1a4-41a4-8227-0bdc9b491391', '2022-07-05 06:03:35', '2022-07-05 06:03:35', NULL),
(3969212000000, 2228602000000, -8174885000000, '7be6100c-155a-44c4-a2c0-9346fe5e4217', '2022-10-22 09:50:19', '2022-10-22 09:50:19', NULL),
(2080296096000, -826762900000, -1855559968000, '7cb26bd2-4b47-43ec-a806-5fbf44b4bf20', '2022-06-04 09:56:05', '2022-06-04 09:56:05', NULL),
(2609135327000, -170328240000, -706123174000, '7d64a00c-39f5-4fb3-bfef-d1baa7be4977', '2022-07-02 08:16:25', '2022-07-02 08:16:25', NULL),
(2616737277000, -2112777205000, -1556452282000, '8157299c-441e-4768-931b-b97a953bac37', '2022-06-04 08:17:39', '2022-06-04 08:17:39', NULL),
(355902688000, -445379372000, 40446200000, '84df9db5-9dfe-445f-bf46-ff75c8ddcdfd', '2022-06-29 09:11:54', '2022-06-29 09:11:54', NULL),
(-268063802000, -3238064000, 129833526000, '8b5a118c-bebb-46ad-a06e-2380270604d6', '2022-06-29 07:25:57', '2022-06-29 07:25:57', NULL),
(6287525800000, -1756747141000, -231719448000, '8de480dd-735e-4be6-b0a8-edb1db842023', '2022-06-30 09:44:21', '2022-06-30 09:44:21', NULL),
(1505863122060, -47742568170, -1662495407760, '8e1a4693-792e-47e8-bfce-3a38e666175e', '2022-06-28 14:01:03', '2022-06-28 14:01:03', NULL),
(3949012032000, -5009377180000, 1305149520000, '8f00f5f5-cf65-43b9-8edb-9fab3d318c3c', '2022-06-30 09:38:23', '2022-06-30 09:38:23', NULL),
(93328901576, -33598671196, -31651551560, '8f6b8167-0fc2-490f-a910-d817600b45bf', '2022-12-29 15:34:38', '2022-12-29 15:34:38', NULL),
(129891492000, -113119380000, 4419688000, '947bc387-3f45-4817-a8ba-400d6eab6f1f', '2022-07-05 11:53:08', '2022-07-05 11:53:08', NULL),
(1081765383920, -2370534744530, -2343008693300, '95fc6a83-de26-4059-ba26-c28b3ad85a2f', '2022-06-04 15:18:57', '2022-06-04 15:18:57', NULL),
(885349916000, -214304724000, 0, '97c0185e-84f5-43d1-accb-4801f2f9b1d2', '2022-07-05 06:27:09', '2022-07-05 06:27:09', NULL),
(1165742000000, -680140000000, -1671646000000, '98a7cfb2-4c92-4460-bfee-645f502926be', '2022-06-01 04:39:57', '2022-06-01 04:39:57', NULL),
(-49926489520, -29607633490, -18485250000, '9a47a013-6d71-4e32-a174-7bd565951c25', '2022-12-25 10:08:18', '2022-12-25 10:08:18', NULL),
(7867786000000, -1576781000000, -3585132000000, '9c8562f4-725a-46f9-8a25-53feaaa8b9bd', '2022-05-31 16:51:00', '2022-05-31 16:51:00', NULL),
(4880064020000, -5209143745000, -1032693700000, '9e4502ac-a634-441e-b6ec-1b9358ad3db0', '2022-06-29 09:28:06', '2022-06-29 09:28:06', NULL),
(778333349430, 26287386320, -1672951075900, '9f65a66b-02bb-4999-9c8d-e88485f3f111', '2022-06-28 12:00:35', '2022-06-28 12:00:35', NULL),
(-13217105079, 145176786622, -142947060042, '9f6d1bc5-c473-4c69-87a0-f330f991aee1', '2022-09-18 10:07:26', '2022-09-18 10:07:26', NULL),
(195247805545, -111835404411, 49877621125, 'a12d2c15-5e39-4f42-b9e7-231e8483c84d', '2022-12-25 14:32:58', '2022-12-25 14:32:58', NULL),
(1967061644000, -1575248180000, -717879828000, 'a30b1b27-bf04-425a-93ea-cb07c623acd6', '2022-06-04 14:14:34', '2022-06-04 14:14:34', NULL),
(5471629252000, -7453573375000, 603212893000, 'a41c54c7-b008-4f02-a60a-7c1fcd4ae402', '2022-07-01 03:57:47', '2022-07-01 03:57:47', NULL),
(37133000000, -114381000000, -3321774000000, 'a4e74119-eeb6-4d97-8c83-20c82482e395', '2022-05-31 16:32:20', '2022-05-31 16:32:20', NULL),
(316896616000, -100376567000, -651727989000, 'a4f427e9-f7af-4e1a-816c-17639c761dd7', '2022-07-03 10:53:24', '2022-07-03 10:53:24', NULL),
(1081000000, -119506000000, -159463000000, 'a5be6634-9888-425e-b73d-3b8a967f7113', '2022-06-01 05:52:32', '2022-06-01 05:52:32', NULL),
(651210406000, -596834084000, -1251801012000, 'a5effe16-3af7-4d2b-a0e3-40734d11b297', '2022-06-29 07:45:28', '2022-06-29 07:45:28', NULL),
(711924605563, -264426737976, 178893844358, 'a9e5849d-2349-434e-8a90-a5581665b570', '2022-12-29 15:56:11', '2022-12-29 15:56:11', NULL),
(3513628000000, 113585000000, -4083158000000, 'aa8b8ce0-e763-43cc-aa6b-5968a456551f', '2022-05-28 15:28:53', '2022-05-28 15:28:53', NULL),
(813508952000, -545630960000, 1916707700000, 'ace2d490-de1e-4687-a572-e28f8cf89543', '2022-06-04 07:21:32', '2022-06-04 07:21:32', NULL),
(2806573950000, -1786167830000, -2712750070000, 'ada1768b-51ba-4394-b782-4bdfbf327418', '2022-07-01 03:17:33', '2022-07-01 03:17:33', NULL),
(-24967989704, -52990247882, -19893562498, 'af0ef17a-a2f7-45fd-80a0-304e4ed2161f', '2022-12-25 14:20:10', '2022-12-25 14:20:10', NULL),
(2201043000000, -416403000000, -73499000000, 'b102a146-ad0a-40ee-a94b-7c73992d316b', '2022-05-19 05:13:00', '2022-05-19 05:13:00', NULL),
(6115709532000, -1434500440000, -4174634696000, 'b2c9a662-98c7-4913-9935-e604d9086a7e', '2022-06-01 16:28:13', '2022-06-01 16:28:13', NULL),
(3054747255000, -1374945535000, -5297306550000, 'b41456ab-bef2-4462-924f-b211c4ee999e', '2022-06-30 09:18:16', '2022-06-30 09:18:16', NULL),
(66627281896, -2418511608, -68167029680, 'b44a0e13-a942-41d5-a743-f08ee14d148e', '2022-09-18 09:42:43', '2022-09-18 09:42:43', NULL),
(9683877671650, -5711684936860, -1306199444410, 'b618fe8f-5523-4bc1-b40b-1a26c6141f74', '2022-06-17 04:55:38', '2022-06-17 04:55:38', NULL),
(16024784000, -89292908000, -306468496000, 'b9f8ee0c-7c1f-40cc-88d2-3b22d6428150', '2022-07-05 11:48:47', '2022-07-05 11:48:47', NULL),
(457578216000, -516856720000, -2115630712000, 'be599795-ebe5-4af4-b68f-7d3ba104584a', '2022-07-05 06:35:06', '2022-07-05 06:35:06', NULL),
(3056310257000, -267126655000, -1140838145000, 'bf201a40-d777-4c8c-b63b-f127588a97f3', '2022-07-02 07:40:24', '2022-07-02 07:40:24', NULL),
(1597790048000, -11281102000, -1593029088000, 'c005ef73-8708-4993-b14d-bf6314d0a54e', '2022-06-28 14:12:31', '2022-06-28 14:12:31', NULL),
(-40425095000, 54678095000, 57037255000, 'c1a274fe-79b6-4ae9-a54a-2202cb970056', '2022-06-29 06:02:23', '2022-06-29 06:02:23', NULL),
(12739226304000, -7478743552000, 3656710400000, 'c1fab310-887d-40ea-90de-f9c3bb68c63a', '2022-07-01 03:37:14', '2022-07-01 03:37:14', NULL),
(-17095055147, -10981004601, -46045499998, 'c321c62e-1e8b-4c6f-bffa-d776dc6cb6ea', '2022-12-25 12:16:42', '2022-12-25 12:16:42', NULL),
(45345864300, -131065393985, -87110945570, 'c36ea20f-4499-446f-be9e-a0f3a0a25dfc', '2022-10-02 15:53:09', '2022-10-02 15:53:09', NULL),
(1392155960650, 1504167689150, -2264135161750, 'c5afdb18-7b0e-45bb-8924-f4344209d6ea', '2022-06-28 13:36:59', '2022-06-28 13:36:59', NULL),
(445024796000, -84063632000, -13594624000, 'c766f841-5978-434a-9f8a-d7b6d411e839', '2022-07-05 11:40:45', '2022-07-05 11:40:45', NULL),
(1928346000000, -315119000000, -1011134000000, 'c7a1c869-6986-465d-8442-42b513d6ef7c', '2022-06-01 07:53:59', '2022-06-01 07:53:59', NULL),
(4768420946000, -1447617158000, -2160539274000, 'c8e5423e-0671-4f77-94b4-e81a38856eab', '2022-07-01 03:23:05', '2022-07-01 03:23:05', NULL),
(1599514176000, -213409313000, -240087523000, 'c94c420b-ca64-43b5-92ae-bd70a6c3c51b', '2022-07-03 10:47:36', '2022-07-03 10:47:36', NULL),
(1117977000000, -1098790000000, -65048000000, 'ccbaa733-c7e0-4923-a5c7-2e80c100edcc', '2022-05-31 08:17:52', '2022-05-31 08:17:52', NULL),
(3522271523000, -1915045882000, -467286446000, 'ce3561cd-448c-4183-97fb-6c8a127e6af5', '2022-06-04 08:47:45', '2022-06-04 08:47:45', NULL),
(879599908000, -1425245404000, -33124448000, 'd17a8bfa-743a-47d0-bc9d-5ff0198df417', '2022-06-29 06:36:37', '2022-06-29 06:36:37', NULL),
(-1031751822060, -3244061830, 1073095685760, 'd2782318-5304-491c-8caf-45d856b9c223', '2022-06-28 14:06:55', '2022-06-28 14:06:55', NULL),
(1343019000000, -1005085000000, -3616503000000, 'd2b409fc-4b9c-4697-bbda-522772d41e22', '2022-05-28 14:45:39', '2022-05-28 14:45:39', NULL),
(592961068000, 720988160000, -1017706792000, 'd2e54110-249f-4dfc-a86c-ff388e8a74b1', '2022-06-28 13:19:34', '2022-06-28 13:19:34', NULL),
(1166266871000, -160185025000, 0, 'd3354087-0907-4854-9d1f-789b966c31a4', '2022-07-05 06:56:37', '2022-07-05 06:56:37', NULL),
(833755000000, -207272000000, -998893000000, 'd3a19345-be91-4e68-a414-37c94c71039c', '2022-06-01 13:49:17', '2022-06-01 13:49:17', NULL),
(1282301856000, -106844244000, -1275949032000, 'd6efce4a-ae5a-4252-9c01-917e633f5684', '2022-06-29 05:54:52', '2022-06-29 05:54:52', NULL),
(4410216000000, -40470000000, 0, 'd710fe1f-691b-4ada-af3a-4bf8354d83ef', '2022-05-31 16:21:08', '2022-05-31 16:21:08', NULL),
(4906221636000, -4034602892000, -509570238000, 'd98e3f1e-1b5e-4890-bda1-790db5b4db08', '2022-07-02 07:46:57', '2022-07-02 07:46:57', NULL),
(-378420268000, 633590560000, -83264408000, 'dc5ef636-c639-4b9b-a1d4-21056ae0b895', '2022-06-28 12:13:02', '2022-06-28 12:13:02', NULL),
(2008330000000, -2986895000000, -985643000000, 'de70d4b9-f69b-411d-82fd-e08aafad1bd7', '2022-05-27 10:44:57', '2022-05-27 10:44:57', NULL),
(116762000000, -46592000000, 136283000000, 'df38bcf8-db30-495a-9a83-e3653298a270', '2022-06-01 07:44:01', '2022-06-01 07:44:01', NULL),
(2436540015000, -632425885000, -778285690000, 'dffb066e-627d-41c5-81ef-4a45d69208e7', '2022-07-03 11:15:57', '2022-07-03 11:15:57', NULL),
(1897771000000, -1113356000000, -1794991000000, 'e051b8ab-18ae-4a85-88f3-1c4f3220a836', '2022-06-01 14:11:47', '2022-06-01 14:11:47', NULL),
(-24268524620, -237782098506, -163550852539, 'e0f1995a-7a52-450d-860f-410359ab64b2', '2022-12-25 14:57:00', '2022-12-25 14:57:00', NULL),
(4321500396000, -1000181100000, -2696729400000, 'e2904d37-0c26-4a7e-9609-a07f9743ba66', '2022-07-05 10:48:17', '2022-07-05 10:48:17', NULL),
(10795075000000, -9838749000000, -911583000000, 'e3db377f-911c-4526-990b-87e9afc86719', '2022-05-29 07:11:57', '2022-05-29 07:11:57', NULL),
(1115397420000, -1160740030000, -1400301892000, 'e3e5c7a0-a917-499d-99bb-340bfc854860', '2022-06-04 10:14:25', '2022-06-04 10:14:25', NULL),
(2033703931000, 172970948000, -747346650000, 'e45a8246-8535-4fd7-b57e-580fb71e0697', '2022-06-02 15:36:24', '2022-06-02 15:36:24', NULL),
(3367193820000, -488117235000, -1482004110000, 'e7ed49c2-ae01-4d83-8064-173ac250746c', '2022-06-30 12:29:00', '2022-06-30 12:29:00', NULL),
(2415444000000, -536264000000, -2006843000000, 'e8525f55-0965-493d-ae15-b43f6fdad671', '2022-06-01 05:16:40', '2022-06-01 05:16:40', NULL),
(-12674355456, -59329956706, -160820437500, 'e8afcf9e-2bdb-4345-8f83-3d708412867b', '2022-12-25 12:33:59', '2022-12-25 12:33:59', NULL),
(549593420000, -2057916940000, 562533496000, 'ec64ccfa-17ca-4ebc-97ea-2fe8f74d2922', '2022-06-29 09:05:41', '2022-06-29 09:05:41', NULL),
(1764641000000, -2758646000000, -80416000000, 'ed380e0d-62c9-4975-b7e3-37ff879593a0', '2022-05-31 10:18:49', '2022-05-31 10:18:49', NULL),
(7885295487000, -10870626042000, 4951213191000, 'ed542337-1439-49c4-ac09-ca833e045e4e', '2022-06-04 08:04:42', '2022-06-04 08:04:42', NULL),
(10371894204000, -5060874140000, -10956887228000, 'eef09e3c-06fb-4fd9-a3bb-fa1649e91517', '2022-07-01 03:04:54', '2022-07-01 03:04:54', NULL),
(634652956080, -117694441470, 3814053123300, 'efc45014-0962-474b-9567-6f72e6c2475f', '2022-06-08 14:17:54', '2022-06-08 14:17:54', NULL),
(591592293000, -1943379162000, 1766363418000, 'f0217a97-a5f1-4f11-9e89-6a56d3d56d61', '2022-06-29 07:35:55', '2022-06-29 07:35:55', NULL),
(1051087472000, 999921768000, -1161318100000, 'f5da4850-9fe4-4ed9-97a2-1b46e334079a', '2022-06-29 08:16:45', '2022-06-29 08:16:45', NULL),
(2855443986000, -954188982000, -2998944234000, 'f95173c0-4202-455b-921d-9719e1e18b07', '2022-07-01 03:44:25', '2022-07-01 03:44:25', NULL),
(1834071684000, -598162536000, -1138864776000, 'f9c172ae-58ae-448f-b561-7a9ca3de8eed', '2022-06-02 15:36:19', '2022-06-02 15:36:19', NULL),
(2223174610000, -3183320405000, 1669539875000, 'fd9cccd9-8550-474d-a52b-5c13225bb841', '2022-06-04 15:54:03', '2022-06-04 15:54:03', NULL),
(481553282000, -234778816000, -148714988000, 'ff4ccf88-5748-4358-b434-beea4bd9929f', '2022-07-03 10:59:22', '2022-07-03 10:59:22', NULL);

-- --------------------------------------------------------

--
-- Table structure for table `dividen`
--

CREATE TABLE `dividen` (
  `cash` int(6) NOT NULL,
  `id` char(36) CHARACTER SET utf8mb4 COLLATE utf8mb4_bin NOT NULL,
  `created_at` datetime DEFAULT NULL,
  `updated_at` datetime DEFAULT NULL,
  `deleted_at` datetime DEFAULT NULL
) ENGINE=InnoDB DEFAULT CHARSET=utf8mb4;

--
-- Dumping data for table `dividen`
--

INSERT INTO `dividen` (`cash`, `id`, `created_at`, `updated_at`, `deleted_at`) VALUES
(25, '253a510f-c85e-40ef-b51b-55c2bcce3d4e', '2022-06-29 06:18:23', '2022-06-29 06:18:23', NULL),
(50, '29d1c4f7-28c2-4e3c-b7e8-db014a985e83', '2022-06-02 16:56:14', '2022-06-02 16:56:14', NULL),
(2750, '2e094515-9d87-4978-9b58-f4bf0c721434', '2022-07-05 06:49:08', '2022-07-05 06:49:08', NULL),
(877, '351aba98-6df1-4737-b2f7-da4df41e20f4', '2022-07-05 06:18:36', '2022-07-05 06:18:36', NULL),
(42, '36064a8b-8ab0-40eb-a248-085f121e17c7', '2022-07-02 08:21:26', '2022-07-02 08:21:26', NULL),
(100, '465d12a1-4bd6-4faa-b8a7-cfd22e08afbb', '2022-06-04 09:01:57', '2022-06-04 09:01:57', NULL),
(5, '4826b03e-93aa-4814-ad1b-4cf5891f11fd', '2022-06-29 08:57:04', '2022-06-29 08:57:04', NULL),
(326, '4a8b26bd-54db-4fba-81cd-4c6271f6a115', '2022-05-31 14:03:25', '2022-05-31 14:03:25', NULL),
(30, '4dbcb942-ba88-453b-9d96-06e4bce974a2', '2022-06-29 08:09:22', '2022-06-29 08:09:22', NULL),
(2443, '52404af3-86d6-4233-87ef-8e28137a40c4', '2022-07-05 11:57:48', '2022-07-05 11:57:48', NULL),
(25, '5a962f8d-0e55-4f73-b8f5-02f86e14f422', '2022-06-28 14:24:28', '2022-06-28 14:24:28', NULL),
(30, '5e1ebc6c-7ffb-4d0e-b46c-b0508f465f2d', '2022-06-04 10:28:22', '2022-06-04 10:28:22', NULL),
(90, '5e5555eb-a91c-4e0a-acab-3a89b19458ba', '2022-07-01 04:26:29', '2022-07-01 04:26:29', NULL),
(50, '6673a519-1df2-4d44-8aa3-8ae39b9ee928', '2022-06-02 07:42:21', '2022-06-02 07:42:21', NULL),
(301, '6852acb1-afab-496c-b616-4c13532e310b', '2022-06-30 10:18:47', '2022-06-30 10:18:47', NULL),
(105, '6df277ff-ba16-4608-b21c-d818f1d1ee40', '2022-07-02 07:59:38', '2022-07-02 07:59:38', NULL),
(340, '9c8562f4-725a-46f9-8a25-53feaaa8b9bd', '2022-05-31 16:51:00', '2022-05-31 16:51:00', NULL),
(5, '9e4502ac-a634-441e-b6ec-1b9358ad3db0', '2022-06-29 09:28:06', '2022-06-29 09:28:06', NULL),
(0, 'a12d2c15-5e39-4f42-b9e7-231e8483c84d', '2022-12-25 14:32:58', '2022-12-25 14:32:58', NULL),
(9, 'a9e5849d-2349-434e-8a90-a5581665b570', '2022-12-29 15:56:11', '2022-12-29 15:56:11', NULL),
(75, 'aa8b8ce0-e763-43cc-aa6b-5968a456551f', '2022-05-28 15:28:53', '2022-05-28 15:28:53', NULL),
(50, 'b618fe8f-5523-4bc1-b40b-1a26c6141f74', '2022-06-17 04:55:38', '2022-06-17 04:55:38', NULL),
(109, 'c1fab310-887d-40ea-90de-f9c3bb68c63a', '2022-07-01 03:37:14', '2022-07-01 03:37:14', NULL),
(25, 'c5afdb18-7b0e-45bb-8924-f4344209d6ea', '2022-06-28 13:36:59', '2022-06-28 13:36:59', NULL),
(57, 'c7a1c869-6986-465d-8442-42b513d6ef7c', '2022-06-01 07:53:59', '2022-06-01 07:53:59', NULL),
(1385, 'dffb066e-627d-41c5-81ef-4a45d69208e7', '2022-07-03 11:15:57', '2022-07-03 11:15:57', NULL),
(56, 'e051b8ab-18ae-4a85-88f3-1c4f3220a836', '2022-06-01 14:11:47', '2022-06-01 14:11:47', NULL),
(3260, 'e2904d37-0c26-4a7e-9609-a07f9743ba66', '2022-07-05 10:48:17', '2022-07-05 10:48:17', NULL),
(688, 'e3db377f-911c-4526-990b-87e9afc86719', '2022-05-29 07:11:57', '2022-05-29 07:11:57', NULL),
(318, 'e8525f55-0965-493d-ae15-b43f6fdad671', '2022-06-01 05:16:40', '2022-06-01 05:16:40', NULL),
(100, 'ed542337-1439-49c4-ac09-ca833e045e4e', '2022-06-04 08:04:42', '2022-06-04 08:04:42', NULL),
(66, 'eef09e3c-06fb-4fd9-a3bb-fa1649e91517', '2022-07-01 03:04:54', '2022-07-01 03:04:54', NULL),
(50, 'f0217a97-a5f1-4f11-9e89-6a56d3d56d61', '2022-06-29 07:35:55', '2022-06-29 07:35:55', NULL),
(25, 'fd9cccd9-8550-474d-a52b-5c13225bb841', '2022-06-04 15:54:03', '2022-06-04 15:54:03', NULL);

-- --------------------------------------------------------

--
-- Table structure for table `emiten`
--

CREATE TABLE `emiten` (
  `jumlah_saham` bigint(20) NOT NULL,
  `kode_emiten` varchar(4) NOT NULL,
  `nama_emiten` varchar(255) NOT NULL,
  `id` char(36) CHARACTER SET utf8mb4 COLLATE utf8mb4_bin NOT NULL,
  `created_at` datetime DEFAULT NULL,
  `updated_at` datetime DEFAULT NULL,
  `deleted_at` datetime DEFAULT NULL
) ENGINE=InnoDB DEFAULT CHARSET=utf8mb4;

--
-- Dumping data for table `emiten`
--

INSERT INTO `emiten` (`jumlah_saham`, `kode_emiten`, `nama_emiten`, `id`, `created_at`, `updated_at`, `deleted_at`) VALUES
(31985962000, 'ADRO', 'PT ADARO ENERGY INDONESIA TBK', '1037ffa1-e05e-42fa-a253-4217f5df2175', '2022-06-30 08:07:22', '2022-06-30 08:07:22', NULL),
(3354175000, 'ANJT', 'PT AUSTINDO NUSANTARA JAYA TBK', '31756f4a-d3c2-4f8f-b058-14da085f3fcd', '2022-10-02 15:03:03', '2022-10-02 15:03:03', NULL),
(1129925000, 'ITMG', 'PT INDO TAMBANGRAYA MEGAH TBK', '754ac20d-1b37-41ce-bbfe-cf0983dece0f', '2022-07-02 12:22:52', '2022-07-02 12:22:52', NULL),
(4346762057, 'WINS', 'PT WINTERMAR OFFSHORE MARINE TBK', '75b855ab-18f2-45ec-bcbe-3c42b636b2e4', '2022-09-18 08:01:08', '2022-09-18 08:01:08', NULL),
(5470982941, 'INKP', 'PT INDAH KIAT PULP & PAPER TBK', 'a335e1b2-3ac4-4be9-aef6-4d13c0e8bc72', '2022-03-29 11:21:18', '2022-03-29 11:21:18', NULL),
(3113223570, 'TKIM', 'PT PABRIK KERTAS TJIWI KIMIA TBK', 'a6f16f46-3f10-4e7a-866d-e838a423c8cd', '2022-06-28 11:46:33', '2022-06-28 11:46:33', NULL),
(11520659250, 'PTBA', 'PT BUKIT ASAM TBK', 'baf1352f-4ff3-400e-8698-7eba7716c31d', '2022-03-29 11:19:09', '2022-03-29 11:19:09', NULL),
(9647311150, 'BEST', 'PT BEKASI FAJAR INDUSTRIAL ESTATE TBK', 'c738c2fa-5fda-415a-888e-b213624cfc62', '2022-12-25 06:42:00', '2022-12-25 06:42:00', NULL);

-- --------------------------------------------------------

--
-- Table structure for table `laba_rugi`
--

CREATE TABLE `laba_rugi` (
  `pendapatan` bigint(20) NOT NULL,
  `laba_kotor` bigint(20) NOT NULL,
  `laba_usaha` bigint(20) NOT NULL,
  `laba_sebelum_pajak` bigint(20) NOT NULL,
  `laba_bersih` bigint(20) NOT NULL,
  `id` char(36) CHARACTER SET utf8mb4 COLLATE utf8mb4_bin NOT NULL,
  `created_at` datetime DEFAULT NULL,
  `updated_at` datetime DEFAULT NULL,
  `deleted_at` datetime DEFAULT NULL,
  `beban_bunga` bigint(20) NOT NULL
) ENGINE=InnoDB DEFAULT CHARSET=utf8mb4;

--
-- Dumping data for table `laba_rugi`
--

INSERT INTO `laba_rugi` (`pendapatan`, `laba_kotor`, `laba_usaha`, `laba_sebelum_pajak`, `laba_bersih`, `id`, `created_at`, `updated_at`, `deleted_at`, `beban_bunga`) VALUES
(12378483936000, 3300064292000, 2540612760000, 2468559016000, 1537113676000, '0172ff3a-1c5c-4b84-80e5-11888b2d91e4', '2022-07-01 03:28:57', '2022-07-01 03:28:57', NULL, -259821632000),
(4178406231000, 340825965000, -40151540000, -119965591000, -80163543000, '02c412a2-1731-4a94-8788-0bc5763a0260', '2022-06-29 09:16:53', '2022-06-29 09:16:53', NULL, -183652544000),
(210920394813, 147372703039, 125365153627, 94939163389, 93501361495, '048fe182-30c2-4aea-9cba-7122d5ad33fc', '2022-12-29 15:19:43', '2022-12-29 15:19:43', NULL, -23333447361),
(5072604542000, 1299677872000, 938891070000, 942169222000, 640742654000, '0766d87e-9b68-45ce-8254-588481fb54fc', '2022-07-05 07:03:48', '2022-07-05 07:03:48', NULL, -1797801000),
(7167010880000, 1360059526000, 1175099649000, 811430928000, 606087944000, '083b5112-7ae6-4475-8bed-06e1a2a7b328', '2022-06-30 12:20:56', '2022-06-30 12:20:56', NULL, -275421976000),
(3277031000000, 770935000000, 359185000000, 462332000000, 340334000000, '0984aaf8-c527-494a-b796-508769029912', '2022-06-01 13:43:57', '2022-06-01 13:43:57', NULL, -29790000000),
(3394984568000, 371829532000, 85264148000, -57411992000, -85029132000, '0995d690-469c-4612-b1c4-22ddd3c08b8f', '2022-06-29 08:25:31', '2022-06-29 08:25:31', NULL, -127838872000),
(4546870000000, 1692090000000, 1222545000000, 1218439000000, 870829000000, '0a7c86e6-f5cc-4ab5-9bd8-db65baa331fe', '2022-06-01 04:13:33', '2022-06-01 04:13:33', NULL, -56115000000),
(5661743008000, 2058561544000, 1686820284000, 1409954568000, 1091873172000, '10b164f7-4578-4d66-a399-0f460fed27aa', '2022-07-03 10:24:48', '2022-07-03 10:24:48', NULL, -8972032000),
(61480400494, 34174185610, 6590727605, -33518420111, -35559613719, '1141b81c-e97e-49c5-80ad-cbcf30ef00d0', '2022-12-25 09:29:39', '2022-12-25 09:29:39', NULL, -29901066063),
(236555259984, 168661068125, 132908279524, 100422087464, 96364669797, '136fbee9-e9d0-4230-a7dc-c65e6e002d11', '2022-12-25 14:52:18', '2022-12-25 14:52:18', NULL, -35709200776),
(9455264430000, 2580324830000, 1666400282000, 1172828583000, 1134940087000, '19efdf6b-7300-436e-a76e-514bfe4b84f0', '2022-06-04 08:31:31', '2022-06-04 08:31:31', NULL, -398687540000),
(13512350662000, 4844762714000, 3468075404000, 3145990182000, 2801326051000, '1a30645c-1cab-4cf0-bdc8-a078bb9a979e', '2022-06-04 07:31:55', '2022-06-04 07:31:55', NULL, -769890344000),
(3557305942000, 345126717000, 39675822000, 741115958000, 680236176000, '1a553b00-e6ad-45bb-9495-fd7ab8aed3d6', '2022-06-29 06:08:31', '2022-06-29 06:08:31', NULL, -205981651000),
(12698190710000, 3452314138000, 2274200286000, 1739804393000, 1297981503000, '1af24758-6c3f-46d2-b38c-91581c18d5fc', '2022-06-02 16:03:57', '2022-06-02 16:03:57', NULL, -767868158000),
(3889986000000, 1025448000000, 304024000000, 600800000000, 385576000000, '1c3a6c2c-c36f-407d-942f-29e2c2e8bf4c', '2022-05-28 14:38:01', '2022-05-28 14:38:01', NULL, -32887000000),
(6452888100000, 1333409328000, 813218448000, 821465724000, 566070804000, '1d49d9fa-554e-4381-8e78-3b01253bf8c1', '2022-07-03 11:38:47', '2022-07-03 11:38:47', NULL, -7563564000),
(14555997789180, 1489673934630, 364401076140, 2567488744980, 2314740581160, '253a510f-c85e-40ef-b51b-55c2bcce3d4e', '2022-06-29 06:18:23', '2022-06-29 06:18:23', NULL, -772201105500),
(3990262000000, 1250417000000, 904993000000, 951931000000, 710415000000, '255355ae-92b1-4d64-906e-635d2b71e7b1', '2022-06-01 13:55:32', '2022-06-01 13:55:32', NULL, -65342000000),
(3994925000000, 1017649000000, 514539000000, 616902000000, 500518000000, '28c3ef1f-ffcc-4913-b749-e26bd535d6e0', '2022-05-27 10:33:37', '2022-05-27 10:33:37', NULL, -26845000000),
(44805049853000, 12181488003000, 7789675568000, 5531166197000, 3814017370000, '29d1c4f7-28c2-4e3c-b7e8-db014a985e83', '2022-06-02 16:56:14', '2022-06-02 16:56:14', NULL, -2645249092000),
(5729110900000, 1849258235000, 1476934934000, 1256238145000, 920843635000, '29d8d9b4-50b4-463a-8e51-ac42259e5c5e', '2022-07-05 07:14:34', '2022-07-05 07:14:34', NULL, -2623163000),
(9476048455000, 3150655741000, 2388168169000, 2073657347000, 1493968354000, '29e9f8e7-2c30-47f6-a5b1-14d69621662a', '2022-07-05 06:41:53', '2022-07-05 06:41:53', NULL, -4543839000),
(3053153791410, 409344046700, 75234851670, 819044272930, 796584505470, '2a4f7dd2-7d5e-4e14-8060-ce469a92d97f', '2022-06-28 13:27:11', '2022-06-28 13:27:11', NULL, -141214207050),
(12773976661710, 4036710245370, 2747906409930, 3046571608410, 2934735829080, '2a9c6241-48af-4f98-8caa-3537c7df4976', '2022-06-02 05:59:40', '2022-06-02 05:59:40', NULL, -879530383380),
(7819017853000, 2054335307000, 1562427605000, 1408738114000, 795806771000, '2bd3e794-1683-4344-821a-78012660f05f', '2022-07-02 08:06:00', '2022-07-02 08:06:00', NULL, -166209178000),
(14287567539180, 5236226380190, 3704900032990, 3159020645560, 2531997606580, '2d4964c7-4339-42bb-aee4-608fd7e85d78', '2022-06-02 17:32:53', '2022-06-02 17:32:53', NULL, -848672196450),
(271362072225, 175150637162, 149228521979, 117592360225, 116937218770, '2d634633-b03c-4a4d-ac65-5be7f3af5b30', '2022-12-25 09:16:08', '2022-12-25 09:16:08', NULL, -24580777225),
(4255035000000, 1702019000000, 1229124000000, 1251607000000, 901923000000, '2dfd6adb-3755-4d09-9b6d-73a142ff19b5', '2022-06-01 04:52:48', '2022-06-01 04:52:48', NULL, -31484000000),
(29072490030000, 8456310279000, 6256516050000, 5319783603000, 3793312431000, '2e094515-9d87-4978-9b58-f4bf0c721434', '2022-07-05 06:49:08', '2022-07-05 06:49:08', NULL, -18680490000),
(8451607236290, 2612146534630, 1746640110070, 465227283590, -28197577080, '2fe494fc-d23c-49b1-a5cb-e715e1461620', '2022-06-02 06:16:36', '2022-06-02 06:16:36', NULL, -650082818620),
(602867673108, 517447582668, 33820424892, 11514333072, 2596990020, '301735bd-1234-4664-b739-70c146f2aa9e', '2022-09-18 10:48:08', '2022-09-18 10:48:08', NULL, -30660062892),
(5122490000000, 1524526000000, 1080094000000, 1187300000000, 903249000000, '3460833e-7485-4efd-b57a-943f2befe185', '2022-05-28 14:29:54', '2022-05-28 14:29:54', NULL, -35930000000),
(23848444392000, 4541289888000, 2509491926000, 2584307108000, 1799150826000, '351aba98-6df1-4737-b2f7-da4df41e20f4', '2022-07-05 06:18:36', '2022-07-05 06:18:36', NULL, -20823698000),
(34110041607000, 9260134588000, 7940482034000, 7385124760000, 4521733573000, '36064a8b-8ab0-40eb-a248-085f121e17c7', '2022-07-02 08:21:26', '2022-07-02 08:21:26', NULL, -675731078000),
(5510550000000, 2243674000000, 1650992000000, 1810462000000, 1353589000000, '38086403-e283-41bf-ad81-71648e426a8e', '2022-05-31 16:40:09', '2022-05-31 16:40:09', NULL, -678000000),
(147146033231, 17699614705, 7947154309, -73955402, -3368438155, '3bf49ac3-a5af-47e2-8aa7-0d3b435cb48b', '2022-09-18 10:00:02', '2022-09-18 10:00:02', NULL, -7516861816),
(4102148608000, 406986152000, 126212940000, 1473011264000, 1473751632000, '3cf41b25-c26c-44b4-9e74-360199481f3b', '2022-06-29 07:17:23', '2022-06-29 07:17:23', NULL, -182807928000),
(150699712446, 2544579915, -24500300493, -30601552689, -26046563082, '3d1e895f-25fa-4b92-b50b-061ca1e17bb4', '2022-09-18 08:50:15', '2022-09-18 08:50:15', NULL, -5123769618),
(9090488000000, 4704141000000, 3991328000000, 4088036000000, 2989328000000, '3ef0f172-af4d-460e-a353-3c04934f8a3c', '2022-05-28 14:11:51', '2022-05-28 14:11:51', NULL, -24605000000),
(5277995000000, 1879742000000, 1174155000000, 1237376000000, 871119000000, '4101fc55-80b8-4bcc-ada4-7a2d576c8eee', '2022-05-31 10:10:15', '2022-05-31 10:10:15', NULL, -37707000000),
(3561500168000, 378424163000, 62541072000, 287411644000, 246905092000, '42506e86-8730-4399-a2f3-a43ee59e34fc', '2022-06-29 08:01:46', '2022-06-29 08:01:46', NULL, -129060754000),
(9129408627000, 4302110805000, 3810921498000, 2801239380000, 2179330224000, '42d07324-2c39-4182-835b-59d726710acb', '2022-07-03 14:53:22', '2022-07-03 14:53:22', NULL, -8706078000),
(3213905000000, 836030000000, 456463000000, 512256000000, 379200000000, '43ae8787-9c4b-4eeb-8f20-54b719447166', '2022-06-01 07:21:05', '2022-06-01 07:21:05', NULL, -30875000000),
(190711507517, 147808252739, 115138284498, 46649395705, 43682067665, '44e312df-6534-4aef-b862-479d41ec19bd', '2022-12-29 15:27:02', '2022-12-29 15:27:02', NULL, -46528684576),
(42377168544000, 12241010892000, 8165203476000, 6192614676000, 5598155532000, '465d12a1-4bd6-4faa-b8a7-cfd22e08afbb', '2022-06-04 09:01:57', '2022-06-04 09:01:57', NULL, -1675616640000),
(123774028432, 76529848349, 48221649186, 19612745861, 19065028411, '4671a171-fe47-4e38-8d61-099305e1ac63', '2022-12-25 14:47:22', '2022-12-25 14:47:22', NULL, -41361537405),
(13394375272000, 1479787296000, 146962968000, 11850552000, 102825708000, '4826b03e-93aa-4814-ad1b-4cf5891f11fd', '2022-06-29 08:57:04', '2022-06-29 08:57:04', NULL, -500517872000),
(3382470135000, 404821632000, 163545784000, -13511077000, -46565335000, '486ecc49-cbed-4e0c-9f9a-ac5b54b302bb', '2022-06-29 07:53:59', '2022-06-29 07:53:59', NULL, -114953068000),
(9687051151000, 2901074138000, 2519790337000, 2420539485000, 1295100955000, '48d73951-1fe8-40cc-a57c-5d8804da8134', '2022-07-02 07:35:23', '2022-07-02 07:35:23', NULL, -169982417000),
(6170796741000, 963103213000, 545533678000, 619827419000, 435451380000, '4a43c4b1-782a-4d71-ae69-d46e9545915b', '2022-07-03 14:20:07', '2022-07-03 14:20:07', NULL, -5997655000),
(21787564000000, 7611504000000, 5014355000000, 5455162000000, 4056888000000, '4a8b26bd-54db-4fba-81cd-4c6271f6a115', '2022-05-31 14:03:25', '2022-05-31 14:03:25', NULL, -127670000000),
(7651153788000, 1928130709000, 1548676615000, 1414490946000, 810833970000, '4b4584b6-6986-465c-912d-67e2966667ba', '2022-07-02 08:10:51', '2022-07-02 08:10:51', NULL, -163571027000),
(12871626790000, 4029235630000, 3372569798000, 3342763606000, 1811893504000, '4d1b2963-9e1c-43b3-84e0-f50ac54e8c1f', '2022-07-01 03:50:49', '2022-07-01 03:50:49', NULL, -216329928000),
(13706714820000, 1478696460000, 353331840000, 481523016000, 369995880000, '4dbcb942-ba88-453b-9d96-06e4bce974a2', '2022-06-29 08:09:22', '2022-06-29 08:09:22', NULL, -509608020000),
(42920273937, 16788083629, -6783599417, -15626412962, -15552310070, '5118657a-b36a-4793-b472-5a75272369f6', '2022-12-25 12:21:47', '2022-12-25 12:21:47', NULL, -24856139948),
(221466402370, 31125056693, 4313330893, 5104819505, 10974491914, '522920bd-7a80-4deb-80e7-b3ca7ea670c1', '2022-09-18 09:05:24', '2022-09-18 09:05:24', NULL, -5870892270),
(18373703128000, 4443271764000, 2802185288000, 2579591076000, 1756206124000, '52404af3-86d6-4233-87ef-8e28137a40c4', '2022-07-05 11:57:48', '2022-07-05 11:57:48', NULL, -12253632000),
(48551355784, 17465211660, -6675159724, -70230084288, -70219512726, '549f6e2a-de12-4a48-9e46-b83e5b4759a8', '2022-12-25 14:24:56', '2022-12-25 14:24:56', NULL, -28440448121),
(1079179566895, 279071845710, 238206631930, 222017270010, 160499174640, '5784afa7-8d76-4190-9d93-42a3fc4e3ca3', '2022-10-02 15:39:22', '2022-10-02 15:39:22', NULL, -16189361920),
(53458724346, 30528294409, 5195646632, -226387869800, -226379586188, '58d5557a-cd30-4a1e-9179-ecbd7e762793', '2022-12-25 14:15:32', '2022-12-25 14:15:32', NULL, -38476245995),
(12221328229530, 1687001511030, 566922666930, 2157770324790, 2092252553340, '5a962f8d-0e55-4f73-b8f5-02f86e14f422', '2022-06-28 14:24:28', '2022-06-28 14:24:28', NULL, -702782123250),
(36552275228000, 7809889976000, 3855675176000, 2724216180000, 2723544380000, '5e1ebc6c-7ffb-4d0e-b46c-b0508f465f2d', '2022-06-04 10:28:22', '2022-06-04 10:28:22', NULL, -1575250076000),
(52457431492000, 17538319844000, 12925588704000, 11897903016000, 6053598240000, '5e5555eb-a91c-4e0a-acab-3a89b19458ba', '2022-07-01 04:26:29', '2022-07-01 04:26:29', NULL, -943197328000),
(9182398617000, 4826013519000, 4304685651000, 3938958339000, 3060211230000, '608e1824-43a0-4baa-9d03-7f33df423d8d', '2022-07-02 19:11:35', '2022-07-02 19:11:35', NULL, -14148114000),
(11676237588000, 3611480764000, 2368605740000, 2245341192000, 2029486156000, '64ea97cc-6289-450c-a567-ed9089f2e0ed', '2022-05-21 05:28:25', '2022-05-21 05:28:25', NULL, -746742140000),
(11472717844000, 3050364362000, 1769178566000, 1422269936000, 1381745274000, '65509f9b-4a8a-44a5-8db0-c9cb1b31dd8e', '2022-06-02 06:55:26', '2022-06-02 06:55:26', NULL, -749812444000),
(247280482909, 148437121832, 121812285367, 96256014930, 95422544135, '660232fc-496e-4d41-bdaf-5c012d0b0811', '2022-12-25 14:38:14', '2022-12-25 14:38:14', NULL, -39321231577),
(31129423885330, 8993729102070, 5539078863260, 3997334559370, 3065505465530, '6673a519-1df2-4d44-8aa3-8ae39b9ee928', '2022-06-02 07:42:21', '2022-06-02 07:42:21', NULL, -2056176847350),
(57035976630000, 25280821610000, 21831465515000, 21231095535000, 13334933220000, '6852acb1-afab-496c-b616-4c13532e310b', '2022-06-30 10:18:47', '2022-06-30 10:18:47', NULL, -1190426190000),
(10028058224000, 2750219300000, 1935725424000, 1708548832000, 1039757524000, '697517aa-c2c8-4908-9bf0-0e1af8936456', '2022-06-30 09:30:09', '2022-06-30 09:30:09', NULL, -304795744000),
(2892888308000, 374612904000, 6007904000, 49876224000, 101398164000, '6c3d45ae-b5b2-4866-9b49-85d5b5362bf6', '2022-06-29 08:31:13', '2022-06-29 08:31:13', NULL, -131833188000),
(44029853829000, 15425116526000, 12862011225000, 12560752403000, 6530792361000, '6df277ff-ba16-4608-b21c-d818f1d1ee40', '2022-07-02 07:59:38', '2022-07-02 07:59:38', NULL, -716107922000),
(12276844074260, 4313952224770, 2979783315980, 2066223000610, 1491005072520, '71bed4fe-0c85-4ad3-b67e-899a819ebabf', '2022-06-01 16:44:50', '2022-06-01 16:44:50', NULL, -856797402160),
(12302372745000, 3252338414000, 2093336921000, 2175662567000, 1609415561000, '724f15dd-e35b-4cd3-b48c-dd94bf5de0e9', '2022-06-30 12:12:10', '2022-06-30 12:12:10', NULL, -390530439000),
(4141945280000, 1237017080000, 929620740000, 825270648000, 613204332000, '72d33b00-1b11-42ba-b007-422ae900cc59', '2022-07-02 19:18:37', '2022-07-02 19:18:37', NULL, -11307872000),
(9228928344000, 1999595284000, 1050321192000, 353852572000, 245798320000, '7809959c-8ae8-4e93-93da-61cea0383340', '2022-06-04 10:07:42', '2022-06-04 10:07:42', NULL, -399693340000),
(73881578783, 43616168600, 21862065750, 13839167627, 13285946992, '79ede89b-7d9a-4466-8bd9-f6bbc39d3f4a', '2022-12-25 06:59:26', '2022-12-25 06:59:26', NULL, -23870471907),
(11606143540000, 4163982468000, 3291246804000, 2732189208000, 2134105840000, '7a1760d0-5c5b-42aa-b79b-acbd52e32823', '2022-06-02 17:49:48', '2022-06-02 17:49:48', NULL, -499177728000),
(5870266879000, 1074518227000, 546772086000, 643121123000, 433155922000, '7b7b91ee-b1a4-41a4-8227-0bdc9b491391', '2022-07-05 06:03:35', '2022-07-05 06:03:35', NULL, -3915323000),
(10217947000000, 4900512000000, 4326803000000, 4802114000000, 3881336000000, '7be6100c-155a-44c4-a2c0-9346fe5e4217', '2022-10-22 09:50:19', '2022-10-22 09:50:19', NULL, -39010000000),
(9003730096000, 2027988656000, 1129097248000, 323177668000, 354801100000, '7cb26bd2-4b47-43ec-a806-5fbf44b4bf20', '2022-06-04 09:56:05', '2022-06-04 09:56:05', NULL, -414211200000),
(7624233836000, 2063956509000, 1852838868000, 1713207962000, 1109044855000, '7d64a00c-39f5-4fb3-bfef-d1baa7be4977', '2022-07-02 08:16:25', '2022-07-02 08:16:25', NULL, -164933586000),
(9937132975000, 2605907304000, 1728159972000, 1259274093000, 1143527924000, '8157299c-441e-4768-931b-b97a953bac37', '2022-06-04 08:17:39', '2022-06-04 08:17:39', NULL, -377530461000),
(4089417700000, 456452208000, 96576860000, 58852972000, 134208612000, '84df9db5-9dfe-445f-bf46-ff75c8ddcdfd', '2022-06-29 09:11:54', '2022-06-29 09:11:54', NULL, -139715948000),
(4306095003000, 363436939000, 129075384000, 1550063286000, 1574692177000, '8b5a118c-bebb-46ad-a06e-2380270604d6', '2022-06-29 07:25:57', '2022-06-29 07:25:57', NULL, -221763366000),
(14052376186000, 6632752382000, 5879712577000, 5404127507000, 3549481067000, '8de480dd-735e-4be6-b0a8-edb1db842023', '2022-06-30 09:44:21', '2022-06-30 09:44:21', NULL, -254734159000),
(4374983608050, 571846962390, 275358576240, 2520601375050, 2557165275390, '8e1a4693-792e-47e8-bfce-3a38e666175e', '2022-06-28 14:01:03', '2022-06-28 14:01:03', NULL, -239743962480),
(12619416220000, 4484534908000, 3112258444000, 2640993096000, 1423360764000, '8f00f5f5-cf65-43b9-8edb-9fab3d318c3c', '2022-06-30 09:38:23', '2022-06-30 09:38:23', NULL, -368980812000),
(118988653427, 78299422551, 50934645991, 18420431973, 17828230960, '8f6b8167-0fc2-490f-a910-d817600b45bf', '2022-12-29 15:34:38', '2022-12-29 15:34:38', NULL, -12206700874),
(4424961432000, 982921514000, 594174480000, 581614366000, 423711240000, '947bc387-3f45-4817-a8ba-400d6eab6f1f', '2022-07-05 11:53:08', '2022-07-05 11:53:08', NULL, -2721012000),
(4474822700820, -1377158992190, -1695460996990, -1594683761560, -1176546498580, '95fc6a83-de26-4059-ba26-c28b3ad85a2f', '2022-06-04 15:18:57', '2022-06-04 15:18:57', NULL, 108039600450),
(5203165732000, 1527645068000, 1220198468000, 1135956724000, 799677548000, '97c0185e-84f5-43d1-accb-4801f2f9b1d2', '2022-07-05 06:27:09', '2022-07-05 06:27:09', NULL, -2641152000),
(4420159000000, 1652854000000, 1254779000000, 1256297000000, 853082000000, '98a7cfb2-4c92-4460-bfee-645f502926be', '2022-06-01 04:39:56', '2022-06-01 04:39:56', NULL, -53287000000),
(36243102763, 15630522183, -5602710303, -54321234517, -54757810939, '9a47a013-6d71-4e32-a174-7bd565951c25', '2022-12-25 10:08:18', '2022-12-25 10:08:18', NULL, -25939352949),
(21166993000000, 8545793000000, 6283088000000, 6858075000000, 5023946000000, '9c8562f4-725a-46f9-8a25-53feaaa8b9bd', '2022-05-31 16:51:00', '2022-05-31 16:51:00', NULL, -103543000000),
(14657615145000, 1525989105000, 179693670000, -160835905000, 20030340000, '9e4502ac-a634-441e-b6ec-1b9358ad3db0', '2022-06-29 09:28:06', '2022-06-29 09:28:06', NULL, -554365870000),
(4336629547250, 588137221880, 262500788940, 1105074656140, 1063304688030, '9f65a66b-02bb-4999-9c8d-e88485f3f111', '2022-06-28 12:00:35', '2022-06-28 12:00:35', NULL, -139113651950),
(146911078321, 11148514933, 9444141231, 6627821064, 15235057823, '9f6d1bc5-c473-4c69-87a0-f330f991aee1', '2022-09-18 10:07:26', '2022-09-18 10:07:26', NULL, -6436692210),
(242320700845, 127435247354, 22157026867, -113803315040, -115177565623, 'a12d2c15-5e39-4f42-b9e7-231e8483c84d', '2022-12-25 14:32:58', '2022-12-25 14:32:58', NULL, -137978107454),
(9212902340000, 1874256832000, 958586176000, 883745696000, 805176276000, 'a30b1b27-bf04-425a-93ea-cb07c623acd6', '2022-06-04 14:14:34', '2022-06-04 14:14:34', NULL, -352182028000),
(16467160253000, 5982325466000, 5379036652000, 3994405139000, 1835676464000, 'a41c54c7-b008-4f02-a60a-7c1fcd4ae402', '2022-07-01 03:57:47', '2022-07-01 03:57:47', NULL, -311182962000),
(4776265000000, 1841619000000, 1482683000000, 1515519000000, 1125160000000, 'a4e74119-eeb6-4d97-8c83-20c82482e395', '2022-05-31 16:32:20', '2022-05-31 16:32:20', NULL, -36640000000),
(3345151255000, 263648604000, -47444285000, 147720378000, 175226492000, 'a4f427e9-f7af-4e1a-816c-17639c761dd7', '2022-07-03 10:53:24', '2022-07-03 10:53:24', NULL, -10096365000),
(3544568000000, 813773000000, 461006000000, 480293000000, 332574000000, 'a5be6634-9888-425e-b73d-3b8a967f7113', '2022-06-01 05:52:32', '2022-06-01 05:52:32', NULL, -47714000000),
(3613627633000, 328562465000, 76835528000, 126083265000, 102771515000, 'a5effe16-3af7-4d2b-a0e3-40734d11b297', '2022-06-29 07:45:28', '2022-06-29 07:45:28', NULL, -110164670000),
(962801481480, 691161374516, 569798802923, 427134829498, 422616335148, 'a9e5849d-2349-434e-8a90-a5581665b570', '2022-12-29 15:56:11', '2022-12-29 15:56:11', NULL, -141253647916),
(17325192000000, 4566260000000, 2520425000000, 3231685000000, 2386819000000, 'aa8b8ce0-e763-43cc-aa6b-5968a456551f', '2022-05-28 15:28:53', '2022-05-28 15:28:53', NULL, -132515000000),
(12316062872000, 4725964676000, 3745020772000, 3451520012000, 2770484968000, 'ace2d490-de1e-4687-a572-e28f8cf89543', '2022-06-04 07:21:32', '2022-06-04 07:21:32', NULL, -620704464000),
(12091995370000, 3781696620000, 2847786175000, 3114272850000, 1697043715000, 'ada1768b-51ba-4394-b782-4bdfbf327418', '2022-07-01 03:17:33', '2022-07-01 03:17:33', NULL, -282985850000),
(100413106634, 67498992037, 38465110362, 189108921435, 189121781248, 'af0ef17a-a2f7-45fd-80a0-304e4ed2161f', '2022-12-25 14:20:10', '2022-12-25 14:20:10', NULL, -29181045271),
(8205116000000, 3451061000000, 2864991000000, 3022778000000, 2275393000000, 'b102a146-ad0a-40ee-a94b-7c73992d316b', '2022-05-19 05:13:00', '2022-05-19 05:13:00', NULL, -24526000000),
(11912102988000, 4341068324000, 3078411220000, 2518044408000, 2071432244000, 'b2c9a662-98c7-4913-9935-e604d9086a7e', '2022-06-01 16:28:13', '2022-06-01 16:28:13', NULL, -619998724000),
(17494439520000, 8597970080000, 7919832560000, 8734148985000, 5714999950000, 'b41456ab-bef2-4462-924f-b211c4ee999e', '2022-06-30 09:18:16', '2022-06-30 09:18:16', NULL, -256872870000),
(144048326784, 30239046520, 10531231136, 707357912, -4812496360, 'b44a0e13-a942-41d5-a743-f08ee14d148e', '2022-09-18 09:42:43', '2022-09-18 09:42:43', NULL, -10206232664),
(50178200799860, 17527994807960, 12257735964460, 9455145441350, 7520895521790, 'b618fe8f-5523-4bc1-b40b-1a26c6141f74', '2022-06-17 04:55:38', '2022-06-17 04:55:38', NULL, -3443069305970),
(3637143700000, 609450896000, 260659964000, 261058100000, 175086576000, 'b9f8ee0c-7c1f-40cc-88d2-3b22d6428150', '2022-07-05 11:48:47', '2022-07-05 11:48:47', NULL, -3319592000),
(6448172252000, 1723985912000, 1178960580000, 987092048000, 683286272000, 'be599795-ebe5-4af4-b68f-7d3ba104584a', '2022-07-05 06:35:06', '2022-07-05 06:35:06', NULL, -2832368000),
(10969539088000, 4200948307000, 3435847435000, 3328503452000, 1670064914000, 'bf201a40-d777-4c8c-b63b-f127588a97f3', '2022-07-02 07:40:24', '2022-07-02 07:40:24', NULL, -177582227000),
(3262961476000, 428045312000, 127865862000, 1172337482000, 1228601190000, 'c005ef73-8708-4993-b14d-bf6314d0a54e', '2022-06-28 14:12:31', '2022-06-28 14:12:31', NULL, -184447474000),
(3796930468000, 361978879000, 110789658000, 835663946000, 798314948000, 'c1a274fe-79b6-4ae9-a54a-2202cb970056', '2022-06-29 06:02:23', '2022-06-29 06:02:23', NULL, -192523475000),
(48012954752000, 13396239808000, 8576423296000, 9153622464000, 5613390720000, 'c1fab310-887d-40ea-90de-f9c3bb68c63a', '2022-07-01 03:37:14', '2022-07-01 03:37:14', NULL, -921274368000),
(38449894076, 17978683049, -4438430417, -20478531758, -20417783650, 'c321c62e-1e8b-4c6f-bffa-d776dc6cb6ea', '2022-12-25 12:16:42', '2022-12-25 12:16:42', NULL, -24899619294),
(1072235646380, 281833340265, 214157685545, 197479779615, 130772110560, 'c36ea20f-4499-446f-be9e-a0f3a0a25dfc', '2022-10-02 15:53:09', '2022-10-02 15:53:09', NULL, -16677905930),
(14618015715590, 2004039647470, 706715527280, 3674740952330, 3553069104060, 'c5afdb18-7b0e-45bb-8924-f4344209d6ea', '2022-06-28 13:36:59', '2022-06-28 13:36:59', NULL, -582175608000),
(4395749980000, 924859264000, 510475476000, 444480480000, 305733004000, 'c766f841-5978-434a-9f8a-d7b6d411e839', '2022-07-05 11:40:45', '2022-07-05 11:40:45', NULL, -3889868000),
(14058869000000, 4401469000000, 2530807000000, 2696916000000, 2006188000000, 'c7a1c869-6986-465d-8442-42b513d6ef7c', '2022-06-01 07:53:59', '2022-06-01 07:53:59', NULL, -148835000000),
(12910329866000, 4167101720000, 3497591017000, 3762437326000, 2483876189000, 'c8e5423e-0671-4f77-94b4-e81a38856eab', '2022-07-01 03:23:05', '2022-07-01 03:23:05', NULL, -200334778000),
(5988734401000, 1080582074000, 586315041000, 728920712000, 252117268000, 'c94c420b-ca64-43b5-92ae-bd70a6c3c51b', '2022-07-03 10:47:36', '2022-07-03 10:47:36', NULL, -17463589000),
(5336966000000, 1776597000000, 1418620000000, 1541879000000, 1137209000000, 'ccbaa733-c7e0-4923-a5c7-2e80c100edcc', '2022-05-31 08:17:52', '2022-05-31 08:17:52', NULL, -28396000000),
(11119355835000, 3208220426000, 2119188402000, 1657120144000, 1599605009000, 'ce3561cd-448c-4183-97fb-6c8a127e6af5', '2022-06-04 08:47:45', '2022-06-04 08:47:45', NULL, -459284915000),
(3795362936000, 403339676000, 150243032000, 685557772000, 652350788000, 'd17a8bfa-743a-47d0-bc9d-5ff0198df417', '2022-06-29 06:36:37', '2022-06-29 06:36:37', NULL, -165567216000),
(2061917531950, 263990521610, 92560373760, -1229917385050, -1275648867390, 'd2782318-5304-491c-8caf-45d856b9c223', '2022-06-28 14:06:55', '2022-06-28 14:06:55', NULL, -148555337520),
(3836389000000, 970805000000, 442772000000, 560874000000, 439370000000, 'd2b409fc-4b9c-4697-bbda-522772d41e22', '2022-05-28 14:45:39', '2022-05-28 14:45:39', NULL, -35588000000),
(3710082024000, 549446544000, 162732032000, 644393048000, 623528024000, 'd2e54110-249f-4dfc-a86c-ff388e8a74b1', '2022-06-28 13:19:34', '2022-06-28 13:19:34', NULL, -146248932000),
(4900449554000, 1531182345000, 1187860212000, 1176683893000, 761628175000, 'd3354087-0907-4854-9d1f-789b966c31a4', '2022-07-05 06:56:37', '2022-07-05 06:56:37', NULL, -1758372000),
(3234522000000, 942035000000, 533940000000, 636396000000, 454833000000, 'd3a19345-be91-4e68-a414-37c94c71039c', '2022-06-01 13:49:17', '2022-06-01 13:49:17', NULL, -31460000000),
(4372494924000, 465764556000, 200170932000, 725304480000, 682643700000, 'd6efce4a-ae5a-4252-9c01-917e633f5684', '2022-06-29 05:54:52', '2022-06-29 05:54:52', NULL, -198376188000),
(5748813000000, 2582047000000, 2039973000000, 2079670000000, 1451150000000, 'd710fe1f-691b-4ada-af3a-4bf8354d83ef', '2022-05-31 16:21:08', '2022-05-31 16:21:08', NULL, -33797000000),
(12300549234000, 4511455145000, 3896258112000, 3808120904000, 2067805033000, 'd98e3f1e-1b5e-4890-bda1-790db5b4db08', '2022-07-02 07:46:57', '2022-07-02 07:46:57', NULL, -200036168000),
(3887489016000, 524417136000, 177894976000, 1097417320000, 1092870856000, 'dc5ef636-c639-4b9b-a1d4-21056ae0b895', '2022-06-28 12:13:02', '2022-06-28 12:13:02', NULL, -147541500000),
(6296406000000, 2529116000000, 1810319000000, 1741027000000, 1278163000000, 'de70d4b9-f69b-411d-82fd-e08aafad1bd7', '2022-05-27 10:44:57', '2022-05-27 10:44:57', NULL, -24325000000),
(3283295000000, 795262000000, 416759000000, 451887000000, 339961000000, 'df38bcf8-db30-495a-9a83-e3653298a270', '2022-06-01 07:44:01', '2022-06-01 07:44:01', NULL, -33512000000),
(16719164280000, 2809010750000, 1465664655000, 1023360065000, 556710245000, 'dffb066e-627d-41c5-81ef-4a45d69208e7', '2022-07-03 11:15:57', '2022-07-03 11:15:57', NULL, -48986665000),
(13733627000000, 4139724000000, 2414340000000, 2663796000000, 2035911000000, 'e051b8ab-18ae-4a85-88f3-1c4f3220a836', '2022-06-01 14:11:47', '2022-06-01 14:11:47', NULL, -157325000000),
(950545546999, 633249903310, 507026662589, 387026062259, 380177503903, 'e0f1995a-7a52-450d-860f-410359ab64b2', '2022-12-25 14:57:00', '2022-12-25 14:57:00', NULL, -162544837559),
(22889684700000, 6847809504000, 5257789128000, 4905121140000, 3422333184000, 'e2904d37-0c26-4a7e-9609-a07f9743ba66', '2022-07-05 10:48:17', '2022-07-05 10:48:17', NULL, -10743564000),
(29261468000000, 13484223000000, 9959025000000, 10358675000000, 7909113000000, 'e3db377f-911c-4526-990b-87e9afc86719', '2022-05-29 07:11:57', '2022-05-29 07:11:57', NULL, -158426000000),
(8125465840000, 1590450614000, 706410518000, 282443126000, 661168432000, 'e3e5c7a0-a917-499d-99bb-340bfc854860', '2022-06-04 10:14:25', '2022-06-04 10:14:25', NULL, -338420152000),
(11213197028000, 2900098164000, 1807619406000, 1378109871000, 1035002505000, 'e45a8246-8535-4fd7-b57e-580fb71e0697', '2022-06-02 15:36:24', '2022-06-02 15:36:24', NULL, -583291064000),
(9701827375000, 2287265385000, -13323920000, -498006470000, -583021930000, 'e7ed49c2-ae01-4d83-8064-173ac250746c', '2022-06-30 12:29:00', '2022-06-30 12:29:00', NULL, -356335460000),
(19471030000000, 8506506000000, 5898515000000, 6101629000000, 4476444000000, 'e8525f55-0965-493d-ae15-b43f6fdad671', '2022-06-01 05:16:40', '2022-06-01 05:16:40', NULL, -103589000000),
(229835755986, 118136396637, 29479892371, -69339589982, -71054037122, 'e8afcf9e-2bdb-4345-8f83-3d708412867b', '2022-12-25 12:33:59', '2022-12-25 12:33:59', NULL, -108146288290),
(3744745472000, 437031768000, 73846096000, 85399268000, 102447720000, 'ec64ccfa-17ca-4ebc-97ea-2fe8f74d2922', '2022-06-29 09:05:41', '2022-06-29 09:05:41', NULL, -131350276000),
(5639092000000, 2048792000000, 1489123000000, 1533465000000, 1092936000000, 'ed380e0d-62c9-4975-b7e3-37ff879593a0', '2022-05-31 10:18:49', '2022-05-31 10:18:49', NULL, -85644000000),
(48300521121000, 17431214130000, 12946694607000, 10654468155000, 8516667087000, 'ed542337-1439-49c4-ac09-ca833e045e4e', '2022-06-04 08:04:42', '2022-06-04 08:04:42', NULL, -2562890823000),
(35700714728000, 8122651236000, 4012489348000, 3128971860000, 2069319868000, 'eef09e3c-06fb-4fd9-a3bb-fa1649e91517', '2022-07-01 03:04:54', '2022-07-01 03:04:54', NULL, -1259461700000),
(17065211277180, 5964513895190, 4062152381990, 3558587967560, 3024902816580, 'efc45014-0962-474b-9567-6f72e6c2475f', '2022-06-08 14:17:54', '2022-06-08 14:17:54', NULL, -955752877450),
(15289039800000, 1671425982000, 573795144000, 3058068618000, 3558112029000, 'f0217a97-a5f1-4f11-9e89-6a56d3d56d61', '2022-06-29 07:35:55', '2022-06-29 07:35:55', NULL, -748624257000),
(3601473452000, 330545848000, 39721792000, 149447932000, 128272712000, 'f5da4850-9fe4-4ed9-97a2-1b46e334079a', '2022-06-29 08:16:45', '2022-06-29 08:16:45', NULL, -99410688000),
(10464710382000, 3100857354000, 2300236650000, 2253800430000, 1019596932000, 'f95173c0-4202-455b-921d-9719e1e18b07', '2022-07-01 03:44:25', '2022-07-01 03:44:25', NULL, -214647660000),
(11054013468000, 3098853420000, 2144761812000, 1447304352000, 1041136692000, 'f9c172ae-58ae-448f-b561-7a9ca3de8eed', '2022-06-02 15:36:19', '2022-06-02 15:36:19', NULL, -725090820000),
(39098865010000, 8414784460000, 4512910095000, 3171070445000, 3073250100000, 'fd9cccd9-8550-474d-a52b-5c13225bb841', '2022-06-04 15:54:03', '2022-06-04 15:54:03', NULL, -1496288470000),
(3672879856000, 741798016000, 390296874000, 230632542000, 169167388000, 'ff4ccf88-5748-4358-b434-beea4bd9929f', '2022-07-03 10:59:22', '2022-07-03 10:59:22', NULL, -10913568000);

-- --------------------------------------------------------

--
-- Table structure for table `laporan_keuangan`
--

CREATE TABLE `laporan_keuangan` (
  `emiten_id` char(36) CHARACTER SET utf8mb4 COLLATE utf8mb4_bin NOT NULL,
  `tanggal` datetime NOT NULL,
  `jenis_laporan` enum('Q1','Q2','Q3','TAHUNAN') NOT NULL,
  `harga_saham` int(6) NOT NULL,
  `nama_file` varchar(255) NOT NULL,
  `id` char(36) CHARACTER SET utf8mb4 COLLATE utf8mb4_bin NOT NULL,
  `created_at` datetime DEFAULT NULL,
  `updated_at` datetime DEFAULT NULL,
  `deleted_at` datetime DEFAULT NULL
) ENGINE=InnoDB DEFAULT CHARSET=utf8mb4;

--
-- Dumping data for table `laporan_keuangan`
--

INSERT INTO `laporan_keuangan` (`emiten_id`, `tanggal`, `jenis_laporan`, `harga_saham`, `nama_file`, `id`, `created_at`, `updated_at`, `deleted_at`) VALUES
('1037ffa1-e05e-42fa-a253-4217f5df2175', '2019-09-30 00:00:00', 'Q3', 1290, 'ADRO Q3 30 SEPTEMBER 2019.pdf', '0172ff3a-1c5c-4b84-80e5-11888b2d91e4', '2022-07-01 03:28:57', '2022-07-01 03:28:57', NULL),
('a6f16f46-3f10-4e7a-866d-e838a423c8cd', '2015-09-30 00:00:00', 'Q3', 479, 'TKIM Q3 30 SEPTEMBER 2015.pdf', '02c412a2-1731-4a94-8788-0bc5763a0260', '2022-06-29 09:16:53', '2022-06-29 09:16:53', NULL),
('c738c2fa-5fda-415a-888e-b213624cfc62', '2018-03-31 00:00:00', 'Q1', 288, 'BEST Q1 31 MARET 2018.pdf', '048fe182-30c2-4aea-9cba-7122d5ad33fc', '2022-12-29 15:19:43', '2022-12-29 15:19:43', NULL),
('754ac20d-1b37-41ce-bbfe-cf0983dece0f', '2017-06-30 00:00:00', 'Q2', 17300, 'ITMG Q2 30 JUNI 2017.pdf', '0766d87e-9b68-45ce-8254-588481fb54fc', '2022-07-05 07:03:48', '2022-07-05 07:03:48', NULL),
('1037ffa1-e05e-42fa-a253-4217f5df2175', '2020-06-30 00:00:00', 'Q2', 995, 'ADRO Q2 30 JUNI 2020.pdf', '083b5112-7ae6-4475-8bed-06e1a2a7b328', '2022-06-30 12:20:56', '2022-06-30 12:20:56', NULL),
('baf1352f-4ff3-400e-8698-7eba7716c31d', '2015-03-31 00:00:00', 'Q1', 2150, 'PTBA Q1 31 MARET 2015.pdf', '0984aaf8-c527-494a-b796-508769029912', '2022-06-01 13:43:57', '2022-06-01 13:43:57', NULL),
('a6f16f46-3f10-4e7a-866d-e838a423c8cd', '2016-06-30 00:00:00', 'Q2', 620, 'TKIM Q2 30 JUNI 2016.pdf', '0995d690-469c-4612-b1c4-22ddd3c08b8f', '2022-06-29 08:25:31', '2022-06-29 08:25:31', NULL),
('baf1352f-4ff3-400e-8698-7eba7716c31d', '2017-03-31 00:00:00', 'Q1', 2640, 'PTBA Q1 31 MARET 2017.pdf', '0a7c86e6-f5cc-4ab5-9bd8-db65baa331fe', '2022-06-01 04:13:32', '2022-06-01 04:13:32', NULL),
('754ac20d-1b37-41ce-bbfe-cf0983dece0f', '2021-06-30 00:00:00', 'Q2', 14200, 'ITMG Q2 30 JUNI 2021.pdf', '10b164f7-4578-4d66-a399-0f460fed27aa', '2022-07-03 10:24:48', '2022-07-03 10:24:48', NULL),
('c738c2fa-5fda-415a-888e-b213624cfc62', '2022-09-30 00:00:00', 'Q3', 162, 'BEST Q3 30 SEPTEMBER 2022.pdf', '1141b81c-e97e-49c5-80ad-cbcf30ef00d0', '2022-12-25 09:29:39', '2022-12-25 09:29:39', NULL),
('c738c2fa-5fda-415a-888e-b213624cfc62', '2019-09-30 00:00:00', 'Q3', 256, 'BEST Q3 30 SEPTEMBER 2019.pdf', '136fbee9-e9d0-4230-a7dc-c65e6e002d11', '2022-12-25 14:52:18', '2022-12-25 14:52:18', NULL),
('a335e1b2-3ac4-4be9-aef6-4d13c0e8bc72', '2017-06-30 00:00:00', 'Q2', 2550, 'INKP Q2 30 JUNI 2017.pdf', '19efdf6b-7300-436e-a76e-514bfe4b84f0', '2022-06-04 08:31:31', '2022-06-04 08:31:31', NULL),
('a335e1b2-3ac4-4be9-aef6-4d13c0e8bc72', '2018-09-30 00:00:00', 'Q3', 17350, 'INKP Q3 30 SEPTEMBER 2018.pdf', '1a30645c-1cab-4cf0-bdc8-a078bb9a979e', '2022-06-04 07:31:55', '2022-06-04 07:31:55', NULL),
('a6f16f46-3f10-4e7a-866d-e838a423c8cd', '2019-09-30 00:00:00', 'Q3', 10550, 'TKIM Q3 30 SEPTEMBER 2019.pdf', '1a553b00-e6ad-45bb-9495-fd7ab8aed3d6', '2022-06-29 06:08:31', '2022-06-29 06:08:31', NULL),
('a335e1b2-3ac4-4be9-aef6-4d13c0e8bc72', '2019-09-30 00:00:00', 'Q3', 6475, 'INKP Q3 30 SEPTEMBER 2019.pdf', '1af24758-6c3f-46d2-b38c-91581c18d5fc', '2022-06-02 16:03:57', '2022-06-02 16:03:57', NULL),
('baf1352f-4ff3-400e-8698-7eba7716c31d', '2020-06-30 00:00:00', 'Q2', 2060, 'PTBA Q2 30 JUNI 2020.pdf', '1c3a6c2c-c36f-407d-942f-29e2c2e8bf4c', '2022-05-28 14:38:01', '2022-05-28 14:38:01', NULL),
('754ac20d-1b37-41ce-bbfe-cf0983dece0f', '2019-03-31 00:00:00', 'Q1', 23925, 'ITMG Q1 31 MARET 2019.pdf', '1d49d9fa-554e-4381-8e78-3b01253bf8c1', '2022-07-03 11:38:47', '2022-07-03 11:38:47', NULL),
('a6f16f46-3f10-4e7a-866d-e838a423c8cd', '2019-12-31 00:00:00', 'TAHUNAN', 10275, 'TKIM TAHUNAN 31 DESEMBER 2019.pdf', '253a510f-c85e-40ef-b51b-55c2bcce3d4e', '2022-06-29 06:18:23', '2022-06-29 06:18:23', NULL),
('baf1352f-4ff3-400e-8698-7eba7716c31d', '2015-09-30 00:00:00', 'Q3', 1125, 'PTBA Q3 30 SEPTEMBER 2015.pdf', '255355ae-92b1-4d64-906e-635d2b71e7b1', '2022-06-01 13:55:32', '2022-06-01 13:55:32', NULL),
('baf1352f-4ff3-400e-8698-7eba7716c31d', '2021-03-31 00:00:00', 'Q1', 2650, 'PTBA Q1 31 MARET 2021.pdf', '28c3ef1f-ffcc-4913-b749-e26bd535d6e0', '2022-05-27 10:33:37', '2022-05-27 10:33:37', NULL),
('a335e1b2-3ac4-4be9-aef6-4d13c0e8bc72', '2019-12-31 00:00:00', 'TAHUNAN', 7700, 'INKP TAHUNAN 31 DESEMBER 2019.pdf', '29d1c4f7-28c2-4e3c-b7e8-db014a985e83', '2022-06-02 16:56:14', '2022-06-02 16:56:14', NULL),
('754ac20d-1b37-41ce-bbfe-cf0983dece0f', '2017-09-30 00:00:00', 'Q3', 20250, 'ITMG Q3 30 SEPTEMBER 2017.pdf', '29d8d9b4-50b4-463a-8e51-ac42259e5c5e', '2022-07-05 07:14:34', '2022-07-05 07:14:34', NULL),
('754ac20d-1b37-41ce-bbfe-cf0983dece0f', '2018-09-30 00:00:00', 'Q3', 25850, 'ITMG Q3 30 SEPTEMBER 2018.pdf', '29e9f8e7-2c30-47f6-a5b1-14d69621662a', '2022-07-05 06:41:53', '2022-07-05 06:41:53', NULL),
('a6f16f46-3f10-4e7a-866d-e838a423c8cd', '2021-09-30 00:00:00', 'Q3', 7950, 'TKIM Q3 30 SEPTEMBER 2021.pdf', '2a4f7dd2-7d5e-4e14-8060-ce469a92d97f', '2022-06-28 13:27:11', '2022-06-28 13:27:11', NULL),
('a335e1b2-3ac4-4be9-aef6-4d13c0e8bc72', '2020-03-31 00:00:00', 'Q1', 4010, 'INKP Q1 31 MARET 2020.pdf', '2a9c6241-48af-4f98-8caa-3537c7df4976', '2022-06-02 05:59:40', '2022-06-02 05:59:40', NULL),
('1037ffa1-e05e-42fa-a253-4217f5df2175', '2016-03-31 00:00:00', 'Q1', 645, 'ADRO Q1 31 MARET 2016.pdf', '2bd3e794-1683-4344-821a-78012660f05f', '2022-07-02 08:06:00', '2022-07-02 08:06:00', NULL),
('a335e1b2-3ac4-4be9-aef6-4d13c0e8bc72', '2022-03-31 00:00:00', 'Q1', 7900, 'INKP Q1 31 MARET 2022.pdf', '2d4964c7-4339-42bb-aee4-608fd7e85d78', '2022-06-02 17:32:53', '2022-06-02 17:32:53', NULL),
('c738c2fa-5fda-415a-888e-b213624cfc62', '2022-06-30 00:00:00', 'Q2', 124, 'BEST Q2 30 JUNI 2022.pdf', '2d634633-b03c-4a4d-ac65-5be7f3af5b30', '2022-12-25 09:16:08', '2022-12-25 09:16:08', NULL),
('baf1352f-4ff3-400e-8698-7eba7716c31d', '2017-09-30 00:00:00', 'Q3', 2090, 'PTBA Q3 30 SEPTEMBER 2017.pdf', '2dfd6adb-3755-4d09-9b6d-73a142ff19b5', '2022-06-01 04:52:48', '2022-06-01 04:52:48', NULL),
('754ac20d-1b37-41ce-bbfe-cf0983dece0f', '2018-12-31 00:00:00', 'TAHUNAN', 20250, 'ITMG TAHUNAN 31 DESEMBER 2018.pdf', '2e094515-9d87-4978-9b58-f4bf0c721434', '2022-07-05 06:49:08', '2022-07-05 06:49:08', NULL),
('a335e1b2-3ac4-4be9-aef6-4d13c0e8bc72', '2020-06-30 00:00:00', 'Q2', 5975, 'INKP Q2 30 JUNI 2020.pdf', '2fe494fc-d23c-49b1-a5cb-e715e1461620', '2022-06-02 06:16:36', '2022-06-02 06:16:36', NULL),
('75b855ab-18f2-45ec-bcbe-3c42b636b2e4', '2021-12-31 00:00:00', 'TAHUNAN', 192, 'WINS TAHUNAN 31 DESEMBER 2021.pdf', '301735bd-1234-4664-b739-70c146f2aa9e', '2022-09-18 10:48:08', '2022-09-18 10:48:08', NULL),
('baf1352f-4ff3-400e-8698-7eba7716c31d', '2020-03-31 00:00:00', 'Q1', 2040, 'PTBA Q1 31 MARET 2020.pdf', '3460833e-7485-4efd-b57a-943f2befe185', '2022-05-28 14:29:54', '2022-05-28 14:29:54', NULL),
('754ac20d-1b37-41ce-bbfe-cf0983dece0f', '2019-12-31 00:00:00', 'TAHUNAN', 11475, 'ITMG TAHUNAN 31 DESEMBER 2019.pdf', '351aba98-6df1-4737-b2f7-da4df41e20f4', '2022-07-05 06:18:36', '2022-07-05 06:18:36', NULL),
('1037ffa1-e05e-42fa-a253-4217f5df2175', '2016-12-31 00:00:00', 'TAHUNAN', 1695, 'ADRO TAHUNAN 31 DESEMBER 2016.pdf', '36064a8b-8ab0-40eb-a248-085f121e17c7', '2022-07-02 08:21:25', '2022-07-02 08:21:25', NULL),
('baf1352f-4ff3-400e-8698-7eba7716c31d', '2018-09-30 00:00:00', 'Q3', 4320, 'PTBA Q3 30 SEPTEMBER 2018.pdf', '38086403-e283-41bf-ad81-71648e426a8e', '2022-05-31 16:40:09', '2022-05-31 16:40:09', NULL),
('75b855ab-18f2-45ec-bcbe-3c42b636b2e4', '2021-06-30 00:00:00', 'Q2', 110, 'WINS Q2 30 JUNI 2021.pdf', '3bf49ac3-a5af-47e2-8aa7-0d3b435cb48b', '2022-09-18 10:00:02', '2022-09-18 10:00:02', NULL),
('a6f16f46-3f10-4e7a-866d-e838a423c8cd', '2018-06-30 00:00:00', 'Q2', 16350, 'TKIM Q2 30 JUNI 2018.pdf', '3cf41b25-c26c-44b4-9e74-360199481f3b', '2022-06-29 07:17:23', '2022-06-29 07:17:23', NULL),
('75b855ab-18f2-45ec-bcbe-3c42b636b2e4', '2022-03-31 00:00:00', 'Q1', 166, 'WINS Q1 31 MARET 2022.pdf', '3d1e895f-25fa-4b92-b50b-061ca1e17bb4', '2022-09-18 08:50:15', '2022-09-18 08:50:15', NULL),
('baf1352f-4ff3-400e-8698-7eba7716c31d', '2021-09-30 00:00:00', 'Q3', 2760, 'PTBA Q3 30 SEPTEMBER 2021.pdf', '3ef0f172-af4d-460e-a353-3c04934f8a3c', '2022-05-28 14:11:51', '2022-05-28 14:11:51', NULL),
('baf1352f-4ff3-400e-8698-7eba7716c31d', '2019-06-30 00:00:00', 'Q2', 2750, 'PTBA Q2 30 JUNI 2019.pdf', '4101fc55-80b8-4bcc-ada4-7a2d576c8eee', '2022-05-31 10:10:15', '2022-05-31 10:10:15', NULL),
('a6f16f46-3f10-4e7a-866d-e838a423c8cd', '2017-09-30 00:00:00', 'Q3', 2440, 'TKIM Q3 30 SEPTEMBER 2017.pdf', '42506e86-8730-4399-a2f3-a43ee59e34fc', '2022-06-29 08:01:46', '2022-06-29 08:01:46', NULL),
('754ac20d-1b37-41ce-bbfe-cf0983dece0f', '2021-09-30 00:00:00', 'Q3', 20800, 'ITMG Q3 30 SEPTEMBER 2021.pdf', '42d07324-2c39-4182-835b-59d726710acb', '2022-07-03 14:53:22', '2022-07-03 14:53:22', NULL),
('baf1352f-4ff3-400e-8698-7eba7716c31d', '2016-06-30 00:00:00', 'Q2', 1540, 'PTBA Q2 30 JUNI 2016.pdf', '43ae8787-9c4b-4eeb-8f20-54b719447166', '2022-06-01 07:21:05', '2022-06-01 07:21:05', NULL),
('c738c2fa-5fda-415a-888e-b213624cfc62', '2018-06-30 00:00:00', 'Q2', 250, 'BEST Q2 30 JUNI 2018.pdf', '44e312df-6534-4aef-b862-479d41ec19bd', '2022-12-29 15:27:02', '2022-12-29 15:27:02', NULL),
('a335e1b2-3ac4-4be9-aef6-4d13c0e8bc72', '2017-12-31 00:00:00', 'TAHUNAN', 5400, 'INKP TAHUNAN 31 DESEMBER 2017.pdf', '465d12a1-4bd6-4faa-b8a7-cfd22e08afbb', '2022-06-04 09:01:57', '2022-06-04 09:01:57', NULL),
('c738c2fa-5fda-415a-888e-b213624cfc62', '2019-06-30 00:00:00', 'Q2', 306, 'BEST Q2 30 JUNI 2019.pdf', '4671a171-fe47-4e38-8d61-099305e1ac63', '2022-12-25 14:47:22', '2022-12-25 14:47:22', NULL),
('a6f16f46-3f10-4e7a-866d-e838a423c8cd', '2016-12-31 00:00:00', 'TAHUNAN', 730, 'TKIM TAHUNAN 31 DESEMBER 2016.pdf', '4826b03e-93aa-4814-ad1b-4cf5891f11fd', '2022-06-29 08:57:04', '2022-06-29 08:57:04', NULL),
('a6f16f46-3f10-4e7a-866d-e838a423c8cd', '2017-06-30 00:00:00', 'Q2', 1200, 'TKIM Q2 30 JUNI 2017.pdf', '486ecc49-cbed-4e0c-9f9a-ac5b54b302bb', '2022-06-29 07:53:59', '2022-06-29 07:53:59', NULL),
('1037ffa1-e05e-42fa-a253-4217f5df2175', '2017-03-31 00:00:00', 'Q1', 1750, 'ADRO Q1 31 MARET 2017.pdf', '48d73951-1fe8-40cc-a57c-5d8804da8134', '2022-07-02 07:35:23', '2022-07-02 07:35:23', NULL),
('754ac20d-1b37-41ce-bbfe-cf0983dece0f', '2019-06-30 00:00:00', 'Q2', 17550, 'ITMG Q2 30 JUNI 2019.pdf', '4a43c4b1-782a-4d71-ae69-d46e9545915b', '2022-07-03 14:20:07', '2022-07-03 14:20:07', NULL),
('baf1352f-4ff3-400e-8698-7eba7716c31d', '2019-12-31 00:00:00', 'TAHUNAN', 2650, 'PTBA TAHUNAN 31 DESEMBER 2019.pdf', '4a8b26bd-54db-4fba-81cd-4c6271f6a115', '2022-05-31 14:03:25', '2022-05-31 14:03:25', NULL),
('1037ffa1-e05e-42fa-a253-4217f5df2175', '2016-06-30 00:00:00', 'Q2', 850, 'ADRO Q2 30 JUNI 2016.pdf', '4b4584b6-6986-465c-912d-67e2966667ba', '2022-07-02 08:10:51', '2022-07-02 08:10:51', NULL),
('1037ffa1-e05e-42fa-a253-4217f5df2175', '2018-06-30 00:00:00', 'Q2', 1790, 'ADRO Q2 30 JUNI 2018.pdf', '4d1b2963-9e1c-43b3-84e0-f50ac54e8c1f', '2022-07-01 03:50:49', '2022-07-01 03:50:49', NULL),
('a6f16f46-3f10-4e7a-866d-e838a423c8cd', '2017-12-31 00:00:00', 'TAHUNAN', 2920, 'TKIM TAHUNAN 31 DESEMBER 2017.pdf', '4dbcb942-ba88-453b-9d96-06e4bce974a2', '2022-06-29 08:09:22', '2022-06-29 08:09:22', NULL),
('c738c2fa-5fda-415a-888e-b213624cfc62', '2021-09-30 00:00:00', 'Q3', 127, 'BEST Q3 30 SEPTEMBER 2021.pdf', '5118657a-b36a-4793-b472-5a75272369f6', '2022-12-25 12:21:47', '2022-12-25 12:21:47', NULL),
('75b855ab-18f2-45ec-bcbe-3c42b636b2e4', '2022-06-30 00:00:00', 'Q2', 177, 'WINS Q2 30 JUNI 2022.pdf', '522920bd-7a80-4deb-80e7-b3ca7ea670c1', '2022-09-18 09:05:24', '2022-09-18 09:05:24', NULL),
('754ac20d-1b37-41ce-bbfe-cf0983dece0f', '2016-12-31 00:00:00', 'TAHUNAN', 16875, 'ITMG TAHUNAN 31 DESEMBER 2016.pdf', '52404af3-86d6-4233-87ef-8e28137a40c4', '2022-07-05 11:57:48', '2022-07-05 11:57:48', NULL),
('c738c2fa-5fda-415a-888e-b213624cfc62', '2020-09-30 00:00:00', 'Q3', 169, 'BEST Q3 30 SEPTEMBER 2020.pdf', '549f6e2a-de12-4a48-9e46-b83e5b4759a8', '2022-12-25 14:24:56', '2022-12-25 14:24:56', NULL),
('31756f4a-d3c2-4f8f-b058-14da085f3fcd', '2022-03-31 00:00:00', 'Q1', 1020, 'ANJT Q1 31 MARET 2022.pdf', '5784afa7-8d76-4190-9d93-42a3fc4e3ca3', '2022-10-02 15:39:22', '2022-10-02 15:39:22', NULL),
('c738c2fa-5fda-415a-888e-b213624cfc62', '2020-03-31 00:00:00', 'Q1', 102, 'BEST Q1 31 MARET 2020.pdf', '58d5557a-cd30-4a1e-9179-ecbd7e762793', '2022-12-25 14:15:32', '2022-12-25 14:15:32', NULL),
('a6f16f46-3f10-4e7a-866d-e838a423c8cd', '2020-12-31 00:00:00', 'TAHUNAN', 9850, 'TKIM TAHUNAN 31 DESEMBER 2020.pdf', '5a962f8d-0e55-4f73-b8f5-02f86e14f422', '2022-06-28 14:24:28', '2022-06-28 14:24:28', NULL),
('a335e1b2-3ac4-4be9-aef6-4d13c0e8bc72', '2016-12-31 00:00:00', 'TAHUNAN', 955, 'INKP TAHUNAN 31 DESEMBER 2016.pdf', '5e1ebc6c-7ffb-4d0e-b46c-b0508f465f2d', '2022-06-04 10:28:22', '2022-06-04 10:28:22', NULL),
('1037ffa1-e05e-42fa-a253-4217f5df2175', '2018-12-31 00:00:00', 'TAHUNAN', 1215, 'ADRO TAHUNAN 31 DESEMBER 2018.pdf', '5e5555eb-a91c-4e0a-acab-3a89b19458ba', '2022-07-01 04:26:29', '2022-07-01 04:26:29', NULL),
('754ac20d-1b37-41ce-bbfe-cf0983dece0f', '2022-03-31 00:00:00', 'Q1', 28550, 'ITMG Q1 31 MARET 2022.pdf', '608e1824-43a0-4baa-9d03-7f33df423d8d', '2022-07-02 19:11:35', '2022-07-02 19:11:35', NULL),
('a335e1b2-3ac4-4be9-aef6-4d13c0e8bc72', '2021-03-31 00:00:00', 'Q1', 10625, 'INKP Q1 31 MARET 2021.pdf', '64ea97cc-6289-450c-a567-ed9089f2e0ed', '2022-05-21 05:28:24', '2022-05-21 05:28:24', NULL),
('a335e1b2-3ac4-4be9-aef6-4d13c0e8bc72', '2020-09-30 00:00:00', 'Q3', 8975, 'INKP Q3 30 SEPTEMBER 2020.pdf', '65509f9b-4a8a-44a5-8db0-c9cb1b31dd8e', '2022-06-02 06:55:26', '2022-06-02 06:55:26', NULL),
('c738c2fa-5fda-415a-888e-b213624cfc62', '2019-03-31 00:00:00', 'Q1', 240, 'BEST Q1 31 MARET 2019.pdf', '660232fc-496e-4d41-bdaf-5c012d0b0811', '2022-12-25 14:38:14', '2022-12-25 14:38:14', NULL),
('a335e1b2-3ac4-4be9-aef6-4d13c0e8bc72', '2020-12-31 00:00:00', 'TAHUNAN', 10425, 'INKP TAHUNAN 31 DESEMBER 2020.pdf', '6673a519-1df2-4d44-8aa3-8ae39b9ee928', '2022-06-02 07:42:21', '2022-06-02 07:42:21', NULL),
('1037ffa1-e05e-42fa-a253-4217f5df2175', '2021-12-31 00:00:00', 'TAHUNAN', 2250, 'ADRO TAHUNAN 31 DESEMBER 2021.pdf', '6852acb1-afab-496c-b616-4c13532e310b', '2022-06-30 10:18:47', '2022-06-30 10:18:47', NULL),
('1037ffa1-e05e-42fa-a253-4217f5df2175', '2021-03-31 00:00:00', 'Q1', 1175, 'ADRO Q1 31 MARET 2021.pdf', '697517aa-c2c8-4908-9bf0-0e1af8936456', '2022-06-30 09:30:08', '2022-06-30 09:30:08', NULL),
('a6f16f46-3f10-4e7a-866d-e838a423c8cd', '2016-09-30 00:00:00', 'Q3', 670, 'TKIM Q3 30 SEPTEMBER 2016.pdf', '6c3d45ae-b5b2-4866-9b49-85d5b5362bf6', '2022-06-29 08:31:13', '2022-06-29 08:31:13', NULL),
('1037ffa1-e05e-42fa-a253-4217f5df2175', '2017-12-31 00:00:00', 'TAHUNAN', 1860, 'ADRO TAHUNAN 31 DESEMBER 2017.pdf', '6df277ff-ba16-4608-b21c-d818f1d1ee40', '2022-07-02 07:59:38', '2022-07-02 07:59:38', NULL),
('a335e1b2-3ac4-4be9-aef6-4d13c0e8bc72', '2021-09-30 00:00:00', 'Q3', 7450, 'INKP Q3 30 SEPTEMBER 2021.pdf', '71bed4fe-0c85-4ad3-b67e-899a819ebabf', '2022-06-01 16:44:50', '2022-06-01 16:44:50', NULL),
('1037ffa1-e05e-42fa-a253-4217f5df2175', '2020-03-31 00:00:00', 'Q1', 990, 'ADRO Q1 31 MARET 2020.pdf', '724f15dd-e35b-4cd3-b48c-dd94bf5de0e9', '2022-06-30 12:12:10', '2022-06-30 12:12:10', NULL),
('754ac20d-1b37-41ce-bbfe-cf0983dece0f', '2021-03-31 00:00:00', 'Q1', 11425, 'ITMG Q1 31 MARET 2021.pdf', '72d33b00-1b11-42ba-b007-422ae900cc59', '2022-07-02 19:18:37', '2022-07-02 19:18:37', NULL),
('a335e1b2-3ac4-4be9-aef6-4d13c0e8bc72', '2016-06-30 00:00:00', 'Q2', 920, 'INKP Q2 30 JUNI 2016.pdf', '7809959c-8ae8-4e93-93da-61cea0383340', '2022-06-04 10:07:42', '2022-06-04 10:07:42', NULL),
('c738c2fa-5fda-415a-888e-b213624cfc62', '2022-03-31 00:00:00', 'Q1', 105, 'BEST Q1 31 MARET 2022.pdf', '79ede89b-7d9a-4466-8bd9-f6bbc39d3f4a', '2022-12-25 06:59:26', '2022-12-25 06:59:26', NULL),
('a335e1b2-3ac4-4be9-aef6-4d13c0e8bc72', '2018-03-31 00:00:00', 'Q1', 11000, 'INKP Q1 31 MARET 2018.pdf', '7a1760d0-5c5b-42aa-b79b-acbd52e32823', '2022-06-02 17:49:48', '2022-06-02 17:49:48', NULL),
('754ac20d-1b37-41ce-bbfe-cf0983dece0f', '2019-09-30 00:00:00', 'Q3', 12400, 'ITMG Q3 30 SEPTEMBER 2019.pdf', '7b7b91ee-b1a4-41a4-8227-0bdc9b491391', '2022-07-05 06:03:35', '2022-07-05 06:03:35', NULL),
('baf1352f-4ff3-400e-8698-7eba7716c31d', '2022-06-30 00:00:00', 'Q2', 3820, 'PTBA Q2 30 JUNI 2022.pdf', '7be6100c-155a-44c4-a2c0-9346fe5e4217', '2022-10-22 09:50:19', '2022-10-22 09:50:19', NULL),
('a335e1b2-3ac4-4be9-aef6-4d13c0e8bc72', '2016-03-31 00:00:00', 'Q1', 940, 'INKP Q1 31 MARET 2016.pdf', '7cb26bd2-4b47-43ec-a806-5fbf44b4bf20', '2022-06-04 09:56:05', '2022-06-04 09:56:05', NULL),
('1037ffa1-e05e-42fa-a253-4217f5df2175', '2016-09-30 00:00:00', 'Q3', 1205, 'ADRO Q3 30 SEPTEMBER 2016.pdf', '7d64a00c-39f5-4fb3-bfef-d1baa7be4977', '2022-07-02 08:16:24', '2022-07-02 08:16:24', NULL),
('a335e1b2-3ac4-4be9-aef6-4d13c0e8bc72', '2017-03-31 00:00:00', 'Q1', 1310, 'INKP Q1 31 MARET 2017.pdf', '8157299c-441e-4768-931b-b97a953bac37', '2022-06-04 08:17:39', '2022-06-04 08:17:39', NULL),
('a6f16f46-3f10-4e7a-866d-e838a423c8cd', '2015-06-30 00:00:00', 'Q2', 695, 'TKIM Q2 30 JUNI 2015.pdf', '84df9db5-9dfe-445f-bf46-ff75c8ddcdfd', '2022-06-29 09:11:54', '2022-06-29 09:11:54', NULL),
('a6f16f46-3f10-4e7a-866d-e838a423c8cd', '2018-09-30 00:00:00', 'Q3', 13775, 'TKIM Q3 30 SEPTEMBER 2018.pdf', '8b5a118c-bebb-46ad-a06e-2380270604d6', '2022-06-29 07:25:57', '2022-06-29 07:25:57', NULL),
('1037ffa1-e05e-42fa-a253-4217f5df2175', '2021-09-30 00:00:00', 'Q3', 1760, 'ADRO Q3 30 SEPTEMBER 2021.pdf', '8de480dd-735e-4be6-b0a8-edb1db842023', '2022-06-30 09:44:21', '2022-06-30 09:44:21', NULL),
('a6f16f46-3f10-4e7a-866d-e838a423c8cd', '2020-03-31 00:00:00', 'Q1', 3990, 'TKIM Q1 31 MARET 2020.pdf', '8e1a4693-792e-47e8-bfce-3a38e666175e', '2022-06-28 14:01:03', '2022-06-28 14:01:03', NULL),
('1037ffa1-e05e-42fa-a253-4217f5df2175', '2021-06-30 00:00:00', 'Q2', 1205, 'ADRO Q2 30 JUNI 2021.pdf', '8f00f5f5-cf65-43b9-8edb-9fab3d318c3c', '2022-06-30 09:38:23', '2022-06-30 09:38:23', NULL),
('c738c2fa-5fda-415a-888e-b213624cfc62', '2018-09-30 00:00:00', 'Q3', 172, 'BEST Q3 30 SEPTEMBER 2018.pdf', '8f6b8167-0fc2-490f-a910-d817600b45bf', '2022-12-29 15:34:38', '2022-12-29 15:34:38', NULL),
('754ac20d-1b37-41ce-bbfe-cf0983dece0f', '2016-09-30 00:00:00', 'Q3', 10900, 'ITMG Q3 30 SEPTEMBER 2016.pdf', '947bc387-3f45-4817-a8ba-400d6eab6f1f', '2022-07-05 11:53:08', '2022-07-05 11:53:08', NULL),
('a335e1b2-3ac4-4be9-aef6-4d13c0e8bc72', '2015-06-30 00:00:00', 'Q2', 895, 'INKP Q2 30 JUNI 2015.pdf', '95fc6a83-de26-4059-ba26-c28b3ad85a2f', '2022-06-04 15:18:57', '2022-06-04 15:18:57', NULL),
('754ac20d-1b37-41ce-bbfe-cf0983dece0f', '2018-03-31 00:00:00', 'Q1', 28500, 'ITMG Q1 31 MARET 2018.pdf', '97c0185e-84f5-43d1-accb-4801f2f9b1d2', '2022-07-05 06:27:09', '2022-07-05 06:27:09', NULL),
('baf1352f-4ff3-400e-8698-7eba7716c31d', '2017-06-30 00:00:00', 'Q2', 2480, 'PTBA Q2 30 JUNI 2017.pdf', '98a7cfb2-4c92-4460-bfee-645f502926be', '2022-06-01 04:39:56', '2022-06-01 04:39:56', NULL),
('c738c2fa-5fda-415a-888e-b213624cfc62', '2021-03-31 00:00:00', 'Q1', 151, 'BEST Q1 31 MARET 2021.pdf', '9a47a013-6d71-4e32-a174-7bd565951c25', '2022-12-25 10:08:18', '2022-12-25 10:08:18', NULL),
('baf1352f-4ff3-400e-8698-7eba7716c31d', '2018-12-31 00:00:00', 'TAHUNAN', 4300, 'PTBA TAHUNAN 31 DESEMBER 2018.pdf', '9c8562f4-725a-46f9-8a25-53feaaa8b9bd', '2022-05-31 16:51:00', '2022-05-31 16:51:00', NULL),
('a6f16f46-3f10-4e7a-866d-e838a423c8cd', '2015-12-31 00:00:00', 'TAHUNAN', 495, 'TKIM TAHUNAN 31 DESEMBER 2015.pdf', '9e4502ac-a634-441e-b6ec-1b9358ad3db0', '2022-06-29 09:28:06', '2022-06-29 09:28:06', NULL),
('a6f16f46-3f10-4e7a-866d-e838a423c8cd', '2022-03-31 00:00:00', 'Q1', 7025, 'TKIM Q1 31 MARET 2022.pdf', '9f65a66b-02bb-4999-9c8d-e88485f3f111', '2022-06-28 12:00:35', '2022-06-28 12:00:35', NULL),
('75b855ab-18f2-45ec-bcbe-3c42b636b2e4', '2021-09-30 00:00:00', 'Q3', 132, 'WINS Q3 30 SEPTEMBER 2021.pdf', '9f6d1bc5-c473-4c69-87a0-f330f991aee1', '2022-09-18 10:07:26', '2022-09-18 10:07:26', NULL),
('c738c2fa-5fda-415a-888e-b213624cfc62', '2020-12-31 00:00:00', 'TAHUNAN', 180, 'BEST TAHUNAN 31 DESEMBER 2020.pdf', 'a12d2c15-5e39-4f42-b9e7-231e8483c84d', '2022-12-25 14:32:58', '2022-12-25 14:32:58', NULL),
('a335e1b2-3ac4-4be9-aef6-4d13c0e8bc72', '2015-03-31 00:00:00', 'Q1', 995, 'INKP Q1 31 MARET 2015.pdf', 'a30b1b27-bf04-425a-93ea-cb07c623acd6', '2022-06-04 14:14:34', '2022-06-04 14:14:34', NULL),
('1037ffa1-e05e-42fa-a253-4217f5df2175', '2018-09-30 00:00:00', 'Q3', 1835, 'ADRO Q3 30 SEPTEMBER 2018.pdf', 'a41c54c7-b008-4f02-a60a-7c1fcd4ae402', '2022-07-01 03:57:47', '2022-07-01 03:57:47', NULL),
('baf1352f-4ff3-400e-8698-7eba7716c31d', '2018-06-30 00:00:00', 'Q2', 3970, 'PTBA Q2 30 JUNI 2018.pdf', 'a4e74119-eeb6-4d97-8c83-20c82482e395', '2022-05-31 16:32:20', '2022-05-31 16:32:20', NULL),
('754ac20d-1b37-41ce-bbfe-cf0983dece0f', '2020-06-30 00:00:00', 'Q2', 7100, 'ITMG Q2 30 JUNI 2020.pdf', 'a4f427e9-f7af-4e1a-816c-17639c761dd7', '2022-07-03 10:53:24', '2022-07-03 10:53:24', NULL),
('baf1352f-4ff3-400e-8698-7eba7716c31d', '2016-03-31 00:00:00', 'Q1', 1255, 'PTBA Q1 31 MARET 2016.pdf', 'a5be6634-9888-425e-b73d-3b8a967f7113', '2022-06-01 05:52:32', '2022-06-01 05:52:32', NULL),
('a6f16f46-3f10-4e7a-866d-e838a423c8cd', '2017-03-31 00:00:00', 'Q1', 1005, 'TKIM Q1 31 MARET 2017.pdf', 'a5effe16-3af7-4d2b-a0e3-40734d11b297', '2022-06-29 07:45:28', '2022-06-29 07:45:28', NULL),
('c738c2fa-5fda-415a-888e-b213624cfc62', '2018-12-31 00:00:00', 'TAHUNAN', 208, 'BEST TAHUNAN 31 DESEMBER 2018.pdf', 'a9e5849d-2349-434e-8a90-a5581665b570', '2022-12-29 15:56:11', '2022-12-29 15:56:11', NULL),
('baf1352f-4ff3-400e-8698-7eba7716c31d', '2020-12-31 00:00:00', 'TAHUNAN', 2810, 'PTBA TAHUNAN 31 DESEMBER 2020.pdf', 'aa8b8ce0-e763-43cc-aa6b-5968a456551f', '2022-05-28 15:28:53', '2022-05-28 15:28:53', NULL),
('a335e1b2-3ac4-4be9-aef6-4d13c0e8bc72', '2018-06-30 00:00:00', 'Q2', 18600, 'INKP Q2 30 JUNI 2018.pdf', 'ace2d490-de1e-4687-a572-e28f8cf89543', '2022-06-04 07:21:32', '2022-06-04 07:21:32', NULL),
('1037ffa1-e05e-42fa-a253-4217f5df2175', '2019-03-31 00:00:00', 'Q1', 1345, 'ADRO Q1 31 MARET 2019.pdf', 'ada1768b-51ba-4394-b782-4bdfbf327418', '2022-07-01 03:17:33', '2022-07-01 03:17:33', NULL),
('c738c2fa-5fda-415a-888e-b213624cfc62', '2020-06-30 00:00:00', 'Q2', 114, 'BEST Q2 30 JUNI 2020.pdf', 'af0ef17a-a2f7-45fd-80a0-304e4ed2161f', '2022-12-25 14:20:10', '2022-12-25 14:20:10', NULL),
('baf1352f-4ff3-400e-8698-7eba7716c31d', '2022-03-31 00:00:00', 'Q1', 3290, 'PTBA Q1 31 MARET 2022.pdf', 'b102a146-ad0a-40ee-a94b-7c73992d316b', '2022-05-19 05:13:00', '2022-05-19 05:13:00', NULL),
('a335e1b2-3ac4-4be9-aef6-4d13c0e8bc72', '2021-06-30 00:00:00', 'Q2', 10450, 'INKP Q2 30 JUNI 2021.pdf', 'b2c9a662-98c7-4913-9935-e604d9086a7e', '2022-06-01 16:28:13', '2022-06-01 16:28:13', NULL),
('1037ffa1-e05e-42fa-a253-4217f5df2175', '2022-03-31 00:00:00', 'Q1', 2680, 'ADRO Q1 31 MARET 2022.pdf', 'b41456ab-bef2-4462-924f-b211c4ee999e', '2022-06-30 09:18:16', '2022-06-30 09:18:16', NULL),
('75b855ab-18f2-45ec-bcbe-3c42b636b2e4', '2021-03-31 00:00:00', 'Q1', 94, 'WINS Q1 31 MARET 2021.pdf', 'b44a0e13-a942-41d5-a743-f08ee14d148e', '2022-09-18 09:42:43', '2022-09-18 09:42:43', NULL),
('a335e1b2-3ac4-4be9-aef6-4d13c0e8bc72', '2021-12-31 00:00:00', 'TAHUNAN', 7825, 'INKP TAHUNAN 31 DESEMBER 2021.pdf', 'b618fe8f-5523-4bc1-b40b-1a26c6141f74', '2022-06-17 04:55:38', '2022-06-17 04:55:38', NULL),
('754ac20d-1b37-41ce-bbfe-cf0983dece0f', '2016-06-30 00:00:00', 'Q2', 9375, 'ITMG Q2 30 JUNI 2016.pdf', 'b9f8ee0c-7c1f-40cc-88d2-3b22d6428150', '2022-07-05 11:48:47', '2022-07-05 11:48:47', NULL),
('754ac20d-1b37-41ce-bbfe-cf0983dece0f', '2018-06-30 00:00:00', 'Q2', 22375, 'ITMG Q2 30 JUNI 2018.pdf', 'be599795-ebe5-4af4-b68f-7d3ba104584a', '2022-07-05 06:35:06', '2022-07-05 06:35:06', NULL),
('1037ffa1-e05e-42fa-a253-4217f5df2175', '2017-06-30 00:00:00', 'Q2', 1580, 'ADRO Q2 30 JUNI 2017.pdf', 'bf201a40-d777-4c8c-b63b-f127588a97f3', '2022-07-02 07:40:24', '2022-07-02 07:40:24', NULL),
('a6f16f46-3f10-4e7a-866d-e838a423c8cd', '2020-09-30 00:00:00', 'Q3', 6050, 'TKIM Q3 30 SEPTEMBER 2020.pdf', 'c005ef73-8708-4993-b14d-bf6314d0a54e', '2022-06-28 14:12:31', '2022-06-28 14:12:31', NULL),
('a6f16f46-3f10-4e7a-866d-e838a423c8cd', '2019-06-30 00:00:00', 'Q2', 12575, 'TKIM Q2 30 JUNI 2019.pdf', 'c1a274fe-79b6-4ae9-a54a-2202cb970056', '2022-06-29 06:02:23', '2022-06-29 06:02:23', NULL),
('1037ffa1-e05e-42fa-a253-4217f5df2175', '2019-12-31 00:00:00', 'TAHUNAN', 1555, 'ADRO TAHUNAN 31 DESEMBER 2019.pdf', 'c1fab310-887d-40ea-90de-f9c3bb68c63a', '2022-07-01 03:37:14', '2022-07-01 03:37:14', NULL),
('c738c2fa-5fda-415a-888e-b213624cfc62', '2021-06-30 00:00:00', 'Q2', 137, 'BEST Q2 30 JUNI 2021.pdf', 'c321c62e-1e8b-4c6f-bffa-d776dc6cb6ea', '2022-12-25 12:16:42', '2022-12-25 12:16:42', NULL),
('31756f4a-d3c2-4f8f-b058-14da085f3fcd', '2022-06-30 00:00:00', 'Q2', 850, 'ANJT Q2 30 JUNI 2022.pdf', 'c36ea20f-4499-446f-be9e-a0f3a0a25dfc', '2022-10-02 15:53:09', '2022-10-02 15:53:09', NULL),
('a6f16f46-3f10-4e7a-866d-e838a423c8cd', '2021-12-31 00:00:00', 'TAHUNAN', 7525, 'TKIM TAHUNAN 31 DESEMBER 2021.pdf', 'c5afdb18-7b0e-45bb-8924-f4344209d6ea', '2022-06-28 13:36:59', '2022-06-28 13:36:59', NULL),
('754ac20d-1b37-41ce-bbfe-cf0983dece0f', '2016-03-31 00:00:00', 'Q1', 6625, 'ITMG Q1 31 MARET 2016.pdf', 'c766f841-5978-434a-9f8a-d7b6d411e839', '2022-07-05 11:40:45', '2022-07-05 11:40:45', NULL),
('baf1352f-4ff3-400e-8698-7eba7716c31d', '2016-12-31 00:00:00', 'TAHUNAN', 2500, 'PTBA TAHUNAN 31 DESEMBER 2016.pdf', 'c7a1c869-6986-465d-8442-42b513d6ef7c', '2022-06-01 07:53:59', '2022-06-01 07:53:59', NULL),
('1037ffa1-e05e-42fa-a253-4217f5df2175', '2019-06-30 00:00:00', 'Q2', 1360, 'ADRO Q2 30 JUNI 2019.pdf', 'c8e5423e-0671-4f77-94b4-e81a38856eab', '2022-07-01 03:23:05', '2022-07-01 03:23:05', NULL),
('754ac20d-1b37-41ce-bbfe-cf0983dece0f', '2020-03-31 00:00:00', 'Q1', 8100, 'ITMG Q1 31 MARET 2020.pdf', 'c94c420b-ca64-43b5-92ae-bd70a6c3c51b', '2022-07-03 10:47:36', '2022-07-03 10:47:36', NULL),
('baf1352f-4ff3-400e-8698-7eba7716c31d', '2019-03-31 00:00:00', 'Q1', 4200, 'PTBA Q1 31 MARET 2019.pdf', 'ccbaa733-c7e0-4923-a5c7-2e80c100edcc', '2022-05-31 08:17:52', '2022-05-31 08:17:52', NULL),
('a335e1b2-3ac4-4be9-aef6-4d13c0e8bc72', '2017-09-30 00:00:00', 'Q3', 4190, 'INKP Q3 30 SEPTEMBER 2017.pdf', 'ce3561cd-448c-4183-97fb-6c8a127e6af5', '2022-06-04 08:47:45', '2022-06-04 08:47:45', NULL),
('a6f16f46-3f10-4e7a-866d-e838a423c8cd', '2018-03-31 00:00:00', 'Q1', 6900, 'TKIM Q1 31 MARET 2018.pdf', 'd17a8bfa-743a-47d0-bc9d-5ff0198df417', '2022-06-29 06:36:37', '2022-06-29 06:36:37', NULL),
('a6f16f46-3f10-4e7a-866d-e838a423c8cd', '2020-06-30 00:00:00', 'Q2', 5150, 'TKIM Q2 30 JUNI 2020.pdf', 'd2782318-5304-491c-8caf-45d856b9c223', '2022-06-28 14:06:55', '2022-06-28 14:06:55', NULL),
('baf1352f-4ff3-400e-8698-7eba7716c31d', '2020-09-30 00:00:00', 'Q3', 1990, 'PTBA Q3 30 SEPTEMBER 2020.pdf', 'd2b409fc-4b9c-4697-bbda-522772d41e22', '2022-05-28 14:45:39', '2022-05-28 14:45:39', NULL),
('a6f16f46-3f10-4e7a-866d-e838a423c8cd', '2021-06-30 00:00:00', 'Q2', 7800, 'TKIM Q2 30 JUNI 2021.pdf', 'd2e54110-249f-4dfc-a86c-ff388e8a74b1', '2022-06-28 13:19:34', '2022-06-28 13:19:34', NULL),
('754ac20d-1b37-41ce-bbfe-cf0983dece0f', '2017-03-31 00:00:00', 'Q1', 20200, 'ITMG Q1 31 MARET 2017.pdf', 'd3354087-0907-4854-9d1f-789b966c31a4', '2022-07-05 06:56:37', '2022-07-05 06:56:37', NULL),
('baf1352f-4ff3-400e-8698-7eba7716c31d', '2015-06-30 00:00:00', 'Q2', 1680, 'PTBA Q2 30 JUNI 2015.pdf', 'd3a19345-be91-4e68-a414-37c94c71039c', '2022-06-01 13:49:17', '2022-06-01 13:49:17', NULL),
('a6f16f46-3f10-4e7a-866d-e838a423c8cd', '2019-03-31 00:00:00', 'Q1', 11025, 'TKIM Q1 31 MARET 2019.pdf', 'd6efce4a-ae5a-4252-9c01-917e633f5684', '2022-06-29 05:54:52', '2022-06-29 05:54:52', NULL),
('baf1352f-4ff3-400e-8698-7eba7716c31d', '2018-03-31 00:00:00', 'Q1', 2940, 'PTBA Q1 31 MARET 2018.pdf', 'd710fe1f-691b-4ada-af3a-4bf8354d83ef', '2022-05-31 16:21:08', '2022-05-31 16:21:08', NULL),
('1037ffa1-e05e-42fa-a253-4217f5df2175', '2017-09-30 00:00:00', 'Q3', 1825, 'ADRO Q3 30 SEPTEMBER 2017.pdf', 'd98e3f1e-1b5e-4890-bda1-790db5b4db08', '2022-07-02 07:46:57', '2022-07-02 07:46:57', NULL),
('a6f16f46-3f10-4e7a-866d-e838a423c8cd', '2021-03-31 00:00:00', 'Q1', 10425, 'TKIM Q1 31 MARET 2021.pdf', 'dc5ef636-c639-4b9b-a1d4-21056ae0b895', '2022-06-28 12:13:02', '2022-06-28 12:13:02', NULL),
('baf1352f-4ff3-400e-8698-7eba7716c31d', '2021-06-30 00:00:00', 'Q2', 2000, 'PTBA Q2 30 JUNI 2021.pdf', 'de70d4b9-f69b-411d-82fd-e08aafad1bd7', '2022-05-27 10:44:57', '2022-05-27 10:44:57', NULL),
('baf1352f-4ff3-400e-8698-7eba7716c31d', '2016-09-30 00:00:00', 'Q3', 1925, 'PTBA Q3 30 SEPTEMBER 2016.pdf', 'df38bcf8-db30-495a-9a83-e3653298a270', '2022-06-01 07:44:01', '2022-06-01 07:44:01', NULL),
('754ac20d-1b37-41ce-bbfe-cf0983dece0f', '2020-12-31 00:00:00', 'TAHUNAN', 13850, 'ITMG TAHUNAN 31 DESEMBER 2020.pdf', 'dffb066e-627d-41c5-81ef-4a45d69208e7', '2022-07-03 11:15:57', '2022-07-03 11:15:57', NULL),
('baf1352f-4ff3-400e-8698-7eba7716c31d', '2015-12-31 00:00:00', 'TAHUNAN', 905, 'PTBA TAHUNAN 31 DESEMBER 2015.pdf', 'e051b8ab-18ae-4a85-88f3-1c4f3220a836', '2022-06-01 14:11:47', '2022-06-01 14:11:47', NULL),
('c738c2fa-5fda-415a-888e-b213624cfc62', '2019-12-31 00:00:00', 'TAHUNAN', 216, 'BEST TAHUNAN 31 DESEMBER 2019.pdf', 'e0f1995a-7a52-450d-860f-410359ab64b2', '2022-12-25 14:57:00', '2022-12-25 14:57:00', NULL),
('754ac20d-1b37-41ce-bbfe-cf0983dece0f', '2017-12-31 00:00:00', 'TAHUNAN', 20700, 'ITMG TAHUNAN 31 DESEMBER 2017.pdf', 'e2904d37-0c26-4a7e-9609-a07f9743ba66', '2022-07-05 10:48:17', '2022-07-05 10:48:17', NULL),
('baf1352f-4ff3-400e-8698-7eba7716c31d', '2021-12-31 00:00:00', 'TAHUNAN', 2710, 'PTBA TAHUNAN 31 DESEMBER 2021.pdf', 'e3db377f-911c-4526-990b-87e9afc86719', '2022-05-29 07:11:57', '2022-05-29 07:11:57', NULL),
('a335e1b2-3ac4-4be9-aef6-4d13c0e8bc72', '2016-09-30 00:00:00', 'Q3', 985, 'INKP Q3 30 SEPTEMBER 2016.pdf', 'e3e5c7a0-a917-499d-99bb-340bfc854860', '2022-06-04 10:14:25', '2022-06-04 10:14:25', NULL),
('a335e1b2-3ac4-4be9-aef6-4d13c0e8bc72', '2019-06-30 00:00:00', 'Q2', 9375, 'INKP Q2 30 JUNI 2019.pdf', 'e45a8246-8535-4fd7-b57e-580fb71e0697', '2022-06-02 15:36:24', '2022-06-02 15:36:24', NULL),
('1037ffa1-e05e-42fa-a253-4217f5df2175', '2020-09-30 00:00:00', 'Q3', 1135, 'ADRO Q3 30 SEPTEMBER 2020.pdf', 'e7ed49c2-ae01-4d83-8064-173ac250746c', '2022-06-30 12:29:00', '2022-06-30 12:29:00', NULL),
('baf1352f-4ff3-400e-8698-7eba7716c31d', '2017-12-31 00:00:00', 'TAHUNAN', 2460, 'PTBA TAHUNAN 31 DESEMBER 2017.pdf', 'e8525f55-0965-493d-ae15-b43f6fdad671', '2022-06-01 05:16:40', '2022-06-01 05:16:40', NULL),
('c738c2fa-5fda-415a-888e-b213624cfc62', '2021-12-31 00:00:00', 'TAHUNAN', 112, 'BEST TAHUNAN 31 DESEMBER 2021.pdf', 'e8afcf9e-2bdb-4345-8f83-3d708412867b', '2022-12-25 12:33:59', '2022-12-25 12:33:59', NULL),
('a6f16f46-3f10-4e7a-866d-e838a423c8cd', '2015-03-31 00:00:00', 'Q1', 810, 'TKIM Q1 31 MARET 2015.pdf', 'ec64ccfa-17ca-4ebc-97ea-2fe8f74d2922', '2022-06-29 09:05:41', '2022-06-29 09:05:41', NULL),
('baf1352f-4ff3-400e-8698-7eba7716c31d', '2019-09-30 00:00:00', 'Q3', 2300, 'PTBA Q3 30 SEPTEMBER 2019.pdf', 'ed380e0d-62c9-4975-b7e3-37ff879593a0', '2022-05-31 10:18:49', '2022-05-31 10:18:49', NULL),
('a335e1b2-3ac4-4be9-aef6-4d13c0e8bc72', '2018-12-31 00:00:00', 'TAHUNAN', 11550, 'INKP TAHUNAN 31 DESEMBER 2018.pdf', 'ed542337-1439-49c4-ac09-ca833e045e4e', '2022-06-04 08:04:42', '2022-06-04 08:04:42', NULL),
('1037ffa1-e05e-42fa-a253-4217f5df2175', '2020-12-31 00:00:00', 'TAHUNAN', 1430, 'ADRO TAHUNAN 31 DESEMBER 2020.pdf', 'eef09e3c-06fb-4fd9-a3bb-fa1649e91517', '2022-07-01 03:04:54', '2022-07-01 03:04:54', NULL),
('a335e1b2-3ac4-4be9-aef6-4d13c0e8bc72', '2015-09-30 00:00:00', 'Q3', 790, 'INKP Q3 30 SEPTEMBER 2015.pdf', 'efc45014-0962-474b-9567-6f72e6c2475f', '2022-06-08 14:17:54', '2022-06-08 14:17:54', NULL),
('a6f16f46-3f10-4e7a-866d-e838a423c8cd', '2018-12-31 00:00:00', 'TAHUNAN', 11100, 'TKIM TAHUNAN 31 DESEMBER 2018.pdf', 'f0217a97-a5f1-4f11-9e89-6a56d3d56d61', '2022-06-29 07:35:55', '2022-06-29 07:35:55', NULL),
('a6f16f46-3f10-4e7a-866d-e838a423c8cd', '2016-03-31 00:00:00', 'Q1', 555, 'TKIM Q1 31 MARET 2016.pdf', 'f5da4850-9fe4-4ed9-97a2-1b46e334079a', '2022-06-29 08:16:45', '2022-06-29 08:16:45', NULL),
('1037ffa1-e05e-42fa-a253-4217f5df2175', '2018-03-31 00:00:00', 'Q1', 2130, 'ADRO Q1 31 MARET 2018.pdf', 'f95173c0-4202-455b-921d-9719e1e18b07', '2022-07-01 03:44:25', '2022-07-01 03:44:25', NULL),
('a335e1b2-3ac4-4be9-aef6-4d13c0e8bc72', '2019-03-31 00:00:00', 'Q1', 8600, 'INKP Q1 31 MARET 2019.pdf', 'f9c172ae-58ae-448f-b561-7a9ca3de8eed', '2022-06-02 15:36:19', '2022-06-02 15:36:19', NULL),
('a335e1b2-3ac4-4be9-aef6-4d13c0e8bc72', '2015-12-31 00:00:00', 'TAHUNAN', 955, 'INKP TAHUNAN 31 DESEMBER 2015.pdf', 'fd9cccd9-8550-474d-a52b-5c13225bb841', '2022-06-04 15:54:03', '2022-06-04 15:54:03', NULL),
('754ac20d-1b37-41ce-bbfe-cf0983dece0f', '2020-09-30 00:00:00', 'Q3', 8175, 'ITMG Q3 30 SEPTEMBER 2020.pdf', 'ff4ccf88-5748-4358-b434-beea4bd9929f', '2022-07-03 10:59:22', '2022-07-03 10:59:22', NULL);

-- --------------------------------------------------------

--
-- Table structure for table `neraca_keuangan`
--

CREATE TABLE `neraca_keuangan` (
  `aset` bigint(20) NOT NULL,
  `kas_dan_setara_kas` bigint(20) NOT NULL,
  `piutang` bigint(20) NOT NULL,
  `persediaan` bigint(20) NOT NULL,
  `aset_lancar` bigint(20) NOT NULL,
  `aset_tidak_lancar` bigint(20) NOT NULL,
  `liabilitas_jangka_pendek` bigint(20) NOT NULL,
  `liabilitas_jangka_panjang` bigint(20) NOT NULL,
  `liabilitas_berbunga` bigint(20) NOT NULL,
  `ekuitas` bigint(20) NOT NULL,
  `id` char(36) CHARACTER SET utf8mb4 COLLATE utf8mb4_bin NOT NULL,
  `created_at` datetime DEFAULT NULL,
  `updated_at` datetime DEFAULT NULL,
  `deleted_at` datetime DEFAULT NULL
) ENGINE=InnoDB DEFAULT CHARSET=utf8mb4;

--
-- Dumping data for table `neraca_keuangan`
--

INSERT INTO `neraca_keuangan` (`aset`, `kas_dan_setara_kas`, `piutang`, `persediaan`, `aset_lancar`, `aset_tidak_lancar`, `liabilitas_jangka_pendek`, `liabilitas_jangka_panjang`, `liabilitas_berbunga`, `ekuitas`, `id`, `created_at`, `updated_at`, `deleted_at`) VALUES
(101986469200000, 14195770624000, 4804939692000, 1759373280000, 21819946848000, 80166522352000, 17782895004000, 20417067776000, 18352958988000, 54244497832000, '0172ff3a-1c5c-4b84-80e5-11888b2d91e4', '2022-07-01 03:28:57', '2022-07-01 03:28:57', NULL),
(39689617015000, 925428323000, 4430283448000, 4447520080000, 13364706967000, 26324910048000, 8572439590000, 17233935112000, 23816511068000, 13883242313000, '02c412a2-1731-4a94-8788-0bc5763a0260', '2022-06-29 09:16:53', '2022-06-29 09:16:53', NULL),
(5830427694784, 704929923940, 205637970135, 4160494173713, 2079646270533, 3750781424251, 350255111141, 1538485126055, 1616569424974, 3938930013679, '048fe182-30c2-4aea-9cba-7122d5ad33fc', '2022-12-29 15:19:43', '2022-12-29 15:19:43', NULL),
(16714958749000, 4925312924000, 1751914665000, 754188375000, 8255702236000, 8459256513000, 3561420686000, 953587124000, 0, 12199950939000, '0766d87e-9b68-45ce-8254-588481fb54fc', '2022-07-05 07:03:48', '2022-07-05 07:03:48', NULL),
(94909654280000, 15358389185000, 1821223220000, 1478240370000, 23287335575000, 71622318705000, 12264401035000, 26236888090000, 23953002290000, 52886455545000, '083b5112-7ae6-4475-8bed-06e1a2a7b328', '2022-06-30 12:20:56', '2022-06-30 12:20:56', NULL),
(15313656000000, 4202712000000, 1647499000000, 798763000000, 7449828000000, 7863828000000, 4222206000000, 2770041000000, 2506466000000, 8204124000000, '0984aaf8-c527-494a-b796-508769029912', '2022-06-01 13:43:57', '2022-06-01 13:43:57', NULL),
(34341755280000, 572881880000, 3333195640000, 3548398680000, 8626283640000, 25715471640000, 6931072040000, 15358561740000, 18889457380000, 12052121500000, '0995d690-469c-4612-b1c4-22ddd3c08b8f', '2022-06-29 08:25:31', '2022-06-29 08:25:31', NULL),
(19553269000000, 4005890000000, 3032689000000, 1079717000000, 9143970000000, 10409299000000, 5196118000000, 3039420000000, 2194971000000, 11196184000000, '0a7c86e6-f5cc-4ab5-9bd8-db65baa331fe', '2022-06-01 04:13:33', '2022-06-01 04:13:33', NULL),
(19056021216000, 5656397184000, 1701120096000, 1211401728000, 8995985664000, 10060035552000, 4540205184000, 1376598144000, 850842720000, 13253272416000, '10b164f7-4578-4d66-a399-0f460fed27aa', '2022-07-03 10:24:48', '2022-07-03 10:24:48', NULL),
(6062132522362, 598793582815, 55969064697, 4782978402499, 2481460042708, 3580672479654, 234562257028, 1439025159311, 1583662890569, 4388213148288, '1141b81c-e97e-49c5-80ad-cbcf30ef00d0', '2022-12-25 09:29:39', '2022-12-25 09:29:39', NULL),
(6376315779710, 874071814101, 354971217389, 4332871352402, 2715360247143, 3660955532567, 429623123234, 1648285367587, 1842614024130, 4297965709040, '136fbee9-e9d0-4230-a7dc-c65e6e002d11', '2022-12-25 14:52:18', '2022-12-25 14:52:18', NULL),
(95173351877000, 4030302762000, 11574157724000, 13161662653000, 33922613946000, 61250737931000, 18882559404000, 36556685938000, 51265963115000, 39727939838000, '19efdf6b-7300-436e-a76e-514bfe4b84f0', '2022-06-04 08:31:31', '2022-06-04 08:31:31', NULL),
(130229235031000, 10841857812000, 19256125863000, 16204459115000, 61367147400000, 68862087631000, 26067079030000, 49029224640000, 65498882511000, 55124586050000, '1a30645c-1cab-4cf0-bdc8-a078bb9a979e', '2022-06-04 07:31:55', '2022-06-04 07:31:55', NULL),
(43511345200000, 2221377628000, 4209380346000, 3621697958000, 12979103452000, 30532241748000, 8118427806000, 15916877562000, 21021572792000, 19476039832000, '1a553b00-e6ad-45bb-9495-fd7ab8aed3d6', '2022-06-29 06:08:31', '2022-06-29 06:08:31', NULL),
(61280126732000, 12581097532000, 17011762366000, 5947041876000, 61280126732000, 61572536352000, 28124107496000, 38383106956000, 58025932246000, 56337553714000, '1af24758-6c3f-46d2-b38c-91581c18d5fc', '2022-06-02 16:03:57', '2022-06-02 16:03:57', NULL),
(26892528000000, 8643881000000, 1878994000000, 1064556000000, 11596133000000, 15296395000000, 7608500000000, 3317154000000, 920097000000, 15790959000000, '1c3a6c2c-c36f-407d-942f-29e2c2e8bf4c', '2022-05-28 14:38:01', '2022-05-28 14:38:01', NULL),
(20931700440000, 5585471232000, 2485464048000, 2189445240000, 11338352196000, 9593348244000, 7543465716000, 1239128292000, 206751660000, 12193732884000, '1d49d9fa-554e-4381-8e78-3b01253bf8c1', '2022-07-03 11:38:47', '2022-07-03 11:38:47', NULL),
(42569493854310, 2535043787640, 3364669965450, 3495756489750, 12220016464740, 30349477389570, 7511633169660, 15800471808420, 20671691534640, 19257388876230, '253a510f-c85e-40ef-b51b-55c2bcce3d4e', '2022-06-29 06:18:23', '2022-06-29 06:18:23', NULL),
(16158907000000, 4119540000000, 1842290000000, 1178138000000, 7996523000000, 8162384000000, 4218760000000, 2435366000000, 2220566000000, 9388693000000, '255355ae-92b1-4d64-906e-635d2b71e7b1', '2022-06-01 13:55:32', '2022-06-01 13:55:32', NULL),
(24526158000000, 4433451000000, 2403929000000, 559788000000, 8151865000000, 16374293000000, 3720235000000, 3240155000000, 693437000000, 17379995000000, '28c3ef1f-ffcc-4913-b749-e26bd535d6e0', '2022-05-27 10:33:37', '2022-05-27 10:33:37', NULL),
(118186997050000, 10756107265000, 18163602640000, 5666409026000, 58589615077000, 59597381973000, 25480157673000, 37023923400000, 54799410120000, 55675089714000, '29d1c4f7-28c2-4e3c-b7e8-db014a985e83', '2022-06-02 16:56:14', '2022-06-02 16:56:14', NULL),
(18176557320000, 5423068924000, 2047330048000, 1322337428000, 10506260876000, 7670296444000, 3931501340000, 1000202436000, 0, 13244071008000, '29d8d9b4-50b4-463a-8e51-ac42259e5c5e', '2022-07-05 07:14:34', '2022-07-05 07:14:34', NULL),
(21995059919000, 5245393724000, 3641093526000, 1720671753000, 12432677123000, 9562382796000, 5983408839000, 1050717949000, 0, 14988327846000, '29e9f8e7-2c30-47f6-a5b1-14d69621662a', '2022-07-05 06:41:53', '2022-07-05 06:41:53', NULL),
(44893938064980, 2249820243530, 2529207534810, 4539213676720, 11581581823040, 33312356241940, 9604424576090, 11219442785920, 16424561936080, 24070070702970, '2a4f7dd2-7d5e-4e14-8060-ce469a92d97f', '2022-06-28 13:27:11', '2022-06-28 13:27:11', NULL),
(137257984915590, 13112871970770, 33378700156890, 6027331469610, 67779716492400, 69478268423190, 28488630377130, 40333910157420, 60237323641110, 68427064471920, '2a9c6241-48af-4f98-8caa-3537c7df4976', '2022-06-02 05:59:40', '2022-06-02 05:59:40', NULL),
(79325350150000, 9458523531000, 3486286174000, 839885669000, 15454960283000, 63870389867000, 5752576182000, 28010353057000, 20232400844000, 39049143747000, '2bd3e794-1683-4344-821a-78012660f05f', '2022-07-02 08:06:00', '2022-07-02 08:06:00', NULL),
(134067492556270, 18403509312630, 24754524628730, 5713043982490, 73173321757380, 60894170798890, 34296257553480, 28953690660180, 53127639995300, 70810656817810, '2d4964c7-4339-42bb-aee4-608fd7e85d78', '2022-06-02 17:32:53', '2022-06-02 17:32:53', NULL),
(5988818140132, 535983123194, 74203948958, 4742786350985, 2430181781719, 3558636358413, 433107026744, 1131601904609, 1471715372867, 4423772762007, '2d634633-b03c-4a4d-ac65-5be7f3af5b30', '2022-12-25 09:16:08', '2022-12-25 09:16:08', NULL),
(19449670000000, 3123833000000, 3457949000000, 1019034000000, 8767411000000, 10732259000000, 3441837000000, 3148539000000, 805890000000, 12739652000000, '2dfd6adb-3755-4d09-9b6d-73a142ff19b5', '2022-06-01 04:52:48', '2022-06-01 04:52:48', NULL),
(20892144168000, 5332135896000, 3419441973000, 1562036508000, 11098962450000, 9793181718000, 5646098457000, 1202618088000, 0, 14083626879000, '2e094515-9d87-4978-9b58-f4bf0c721434', '2022-07-05 06:49:08', '2022-07-05 06:49:08', NULL),
(118862577612000, 10471824286000, 19189937332000, 5928064584000, 58826557340000, 60036020272000, 25455257378000, 33272358726000, 50324976574000, 60127066804000, '2fe494fc-d23c-49b1-a5cb-e715e1461620', '2022-06-02 06:16:36', '2022-06-02 06:16:36', NULL),
(2797691070288, 137978451444, 336444119904, 0, 608720092812, 2188970977476, 275573607336, 325335982524, 427465898484, 1789408992324, '301735bd-1234-4664-b739-70c146f2aa9e', '2022-09-18 10:48:08', '2022-09-18 10:48:08', NULL),
(27728615000000, 7508595000000, 2785067000000, 1086674000000, 12030152000000, 15698463000000, 4485868000000, 3316907000000, 903781000000, 19755560000000, '3460833e-7485-4efd-b57a-943f2befe185', '2022-05-28 14:29:54', '2022-05-28 14:29:54', NULL),
(16806878941000, 6568222500000, 2096256899000, 1425853372000, 6568222500000, 10238656441000, 3242936488000, 1268994488000, 147573016000, 12368762275000, '351aba98-6df1-4737-b2f7-da4df41e20f4', '2022-07-05 06:18:36', '2022-07-05 06:18:36', NULL),
(88135258841000, 14552798324000, 4122654144000, 992083921000, 21522357795000, 66612901046000, 8709871715000, 28266763660000, 19589647457000, 42518086954000, '36064a8b-8ab0-40eb-a248-085f121e17c7', '2022-07-02 08:21:26', '2022-07-02 08:21:26', NULL),
(22470372000000, 6059124000000, 2670413000000, 1299173000000, 10873742000000, 11596630000000, 4120436000000, 3428001000000, 867770000000, 14700027000000, '38086403-e283-41bf-ad81-71648e426a8e', '2022-05-31 16:40:09', '2022-05-31 16:40:09', NULL),
(3085677394280, 34951692035, 295956112465, 410889765, 653418945400, 2432258448880, 442920250695, 594058035740, 844722158020, 1800011828160, '3bf49ac3-a5af-47e2-8aa7-0d3b435cb48b', '2022-09-18 10:00:02', '2022-09-18 10:00:02', NULL),
(40757486380000, 2543616764000, 3624910640000, 3971370052000, 12752552592000, 28004933788000, 7470173672000, 16883245288000, 22115498288000, 16404067420000, '3cf41b25-c26c-44b4-9e74-360199481f3b', '2022-06-29 07:17:23', '2022-06-29 07:17:23', NULL),
(2775384139611, 26367062346, 343779727305, 0, 500655148908, 2274728990703, 295749204813, 306112440036, 403062864738, 1768392326547, '3d1e895f-25fa-4b92-b50b-061ca1e17bb4', '2022-09-18 08:50:15', '2022-09-18 08:50:15', NULL),
(32191140000000, 4818597000000, 4333861000000, 1145195000000, 14883833000000, 17307307000000, 6373969000000, 4793442000000, 917617000000, 20781817000000, '3ef0f172-af4d-460e-a353-3c04934f8a3c', '2022-05-28 14:11:51', '2022-05-28 14:11:51', NULL),
(23412080000000, 5286905000000, 2802241000000, 1148069000000, 10165267000000, 13246813000000, 4319758000000, 2843780000000, 649664000000, 16050084000000, '4101fc55-80b8-4bcc-ada4-7a2d576c8eee', '2022-05-31 10:10:15', '2022-05-31 10:10:15', NULL),
(34528240688000, 657640556000, 4109325900000, 3136377304000, 9207399528000, 25320841160000, 6366254168000, 14750560744000, 19385035760000, 13411425776000, '42506e86-8730-4399-a2f3-a43ee59e34fc', '2022-06-29 08:01:46', '2022-06-29 08:01:46', NULL),
(21596702640000, 7295310984000, 3100183830000, 781090665000, 11615567160000, 9981135480000, 5281572120000, 1466023983000, 903458436000, 14961645399000, '42d07324-2c39-4182-835b-59d726710acb', '2022-07-03 14:53:22', '2022-07-03 14:53:22', NULL),
(16626258000000, 2717371000000, 1738510000000, 934471000000, 6741083000000, 9885175000000, 4413026000000, 3008790000000, 1950881000000, 9088916000000, '43ae8787-9c4b-4eeb-8f20-54b719447166', '2022-06-01 07:21:05', '2022-06-01 07:21:05', NULL),
(5745706486282, 435179660413, 211182967471, 4151819804143, 1946842176453, 3798864309829, 296331525528, 1558906495412, 1638739521847, 3887708076406, '44e312df-6534-4aef-b862-479d41ec19bd', '2022-12-29 15:27:02', '2022-12-29 15:27:02', NULL),
(103428629328000, 8401155444000, 13608505368000, 12864638880000, 42613188252000, 60815441076000, 20361695640000, 39474252132000, 54389516292000, 43586422380000, '465d12a1-4bd6-4faa-b8a7-cfd22e08afbb', '2022-06-04 09:01:57', '2022-06-04 09:01:57', NULL),
(6271904604233, 1028424870248, 127563852647, 4304293166930, 2679054606902, 3592849997331, 343501615929, 1726353022379, 1896705800857, 4201601039243, '4671a171-fe47-4e38-8d61-099305e1ac63', '2022-12-25 14:47:22', '2022-12-25 14:47:22', NULL),
(33472864952000, 1501002740000, 3139254220000, 3375391920000, 8045127464000, 25427737488000, 5769189988000, 15113094956000, 18487600100000, 12590580008000, '4826b03e-93aa-4814-ad1b-4cf5891f11fd', '2022-06-29 08:57:04', '2022-06-29 08:57:04', NULL),
(32724463344000, 840095925000, 3870967565000, 3129965000000, 7955025811000, 24769437533000, 5612227030000, 14696131324000, 17575858952000, 12416104990000, '486ecc49-cbed-4e0c-9f9a-ac5b54b302bb', '2022-06-29 07:53:59', '2022-06-29 07:53:59', NULL),
(86803643188000, 14835055781000, 4458408537000, 1015774605000, 21988370277000, 64815272911000, 8869044935000, 27065136688000, 18817369554000, 43116122070000, '48d73951-1fe8-40cc-a57c-5d8804da8134', '2022-07-02 07:35:23', '2022-07-02 07:35:23', NULL),
(18725554623000, 4063260799000, 2663909862000, 1741237894000, 8932558598000, 9792996025000, 4995958736000, 1210540305000, 54145889000, 12578900294000, '4a43c4b1-782a-4d71-ae69-d46e9545915b', '2022-07-03 14:20:07', '2022-07-03 14:20:07', NULL),
(26098052000000, 4756801000000, 2777691000000, 1383064000000, 11679884000000, 14418168000000, 4691251000000, 2983975000000, 630944000000, 18258275000000, '4a8b26bd-54db-4fba-81cd-4c6271f6a115', '2022-05-31 14:03:25', '2022-05-31 14:03:25', NULL),
(79488120756000, 10895153816000, 3422727765000, 847876551000, 16663708896000, 62824411860000, 6758711429000, 27462856083000, 20129802133000, 38853989328000, '4b4584b6-6986-465c-912d-67e2966667ba', '2022-07-02 08:10:51', '2022-07-02 08:10:51', NULL),
(98314829392000, 15331970812000, 5056505164000, 1714678948000, 24471147724000, 73843681668000, 11314107288000, 26629499252000, 18322467472000, 51208394996000, '4d1b2963-9e1c-43b3-84e0-f50ac54e8c1f', '2022-07-01 03:50:49', '2022-07-01 03:50:49', NULL),
(34965694500000, 1691251032000, 3717787968000, 3164392812000, 9554510232000, 25411184268000, 6643912104000, 14817948876000, 19425488196000, 13503833520000, '4dbcb942-ba88-453b-9d96-06e4bce974a2', '2022-06-29 08:09:22', '2022-06-29 08:09:22', NULL),
(6067591117739, 565233867029, 50240265717, 4727530988267, 2491702827931, 3575888289808, 384471254500, 1411693062290, 1672141923193, 4271075257111, '5118657a-b36a-4793-b472-5a75272369f6', '2022-12-25 12:21:47', '2022-12-25 12:21:47', NULL),
(2874069155840, 34339608064, 365181378048, 0, 530199763456, 2343869392384, 311733195776, 311702118912, 398898454016, 1837075674624, '522920bd-7a80-4deb-80e7-b3ca7ea670c1', '2022-09-18 09:05:24', '2022-09-18 09:05:24', NULL),
(16254765312000, 4408150060000, 1774653752000, 832911076000, 7242057744000, 9012707568000, 3208987060000, 853548772000, 0, 12192229480000, '52404af3-86d6-4233-87ef-8e28137a40c4', '2022-07-05 11:57:48', '2022-07-05 11:57:48', NULL),
(6406171611713, 493777329889, 476846506603, 4619214643883, 2398747318866, 4007424292847, 247128400926, 1797802958165, 1898382989124, 4360841344344, '549f6e2a-de12-4a48-9e46-b83e5b4759a8', '2022-12-25 14:24:56', '2022-12-25 14:24:56', NULL),
(9474052287985, 554245829180, 49810652200, 311085087825, 1370175759215, 8103876528770, 705729068925, 2425303700180, 2317045899055, 6306323753760, '5784afa7-8d76-4190-9d93-42a3fc4e3ca3', '2022-10-02 15:39:22', '2022-10-02 15:39:22', NULL),
(2591170045480, 711071639433, 479581526518, 4518202650536, 2591170045480, 3912483691819, 179589263748, 2081703058076, 2114050006580, 4241939075822, '58d5557a-cd30-4a1e-9179-ecbd7e762793', '2022-12-25 14:15:32', '2022-12-25 14:15:32', NULL),
(43347008951640, 2271428495370, 2779110120300, 3692832668100, 11806429360380, 31540579591260, 8540752815120, 13472752926750, 18347345647680, 21333503209770, '5a962f8d-0e55-4f73-b8f5-02f86e14f422', '2022-06-28 14:24:28', '2022-06-28 14:24:28', NULL),
(92423556800000, 2834122660000, 10951697036000, 13137210232000, 29384249844000, 63039306956000, 18384398184000, 36157888320000, 50367183864000, 37875963076000, '5e1ebc6c-7ffb-4d0e-b46c-b0508f465f2d', '2022-06-04 10:28:22', '2022-06-04 10:28:22', NULL),
(102324461460000, 13447068832000, 5462469560000, 1623176460000, 23191460648000, 79133000812000, 11831891956000, 28137957040000, 3189326900000, 52901582308000, '5e5555eb-a91c-4e0a-acab-3a89b19458ba', '2022-07-01 04:26:29', '2022-07-01 04:26:29', NULL),
(28351916469000, 13223091366000, 3186166752000, 892206471000, 18082437612000, 10269478857000, 9161434728000, 1570971567000, 1123053183000, 17721201537000, '608e1824-43a0-4baa-9d03-7f33df423d8d', '2022-07-02 19:11:35', '2022-07-02 19:11:35', NULL),
(126226671300000, 11253052136000, 22504734504000, 5167260344000, 64430578876000, 61796092424000, 29975609468000, 32300586640000, 53417002988000, 63941921428000, '64ea97cc-6289-450c-a567-ed9089f2e0ed', '2022-05-21 05:28:25', '2022-05-21 05:28:25', NULL),
(123042395970000, 12057786778000, 19458949692000, 6230234176000, 61460265414000, 61582130556000, 26942072098000, 32404566322000, 45828349606000, 63687478060000, '65509f9b-4a8a-44a5-8db0-c9cb1b31dd8e', '2022-06-02 06:55:26', '2022-06-02 06:55:26', NULL),
(6405288444095, 1233175885196, 60645311099, 4298528002187, 2848316512765, 3556971931330, 352351162368, 1785517298706, 1937151601222, 4266949983395, '660232fc-496e-4d41-bdaf-5c012d0b0811', '2022-12-25 14:38:14', '2022-12-25 14:38:14', NULL),
(88573772687770, 9078004882910, 14683480634860, 3804044448960, 45261150440930, 43312622246840, 20045897278660, 24225346337720, 38158872603200, 44296784890880, '6673a519-1df2-4d44-8aa3-8ae39b9ee928', '2022-06-02 07:42:21', '2022-06-02 07:42:21', NULL),
(108379380760000, 25872149185000, 8813273600000, 1796167330000, 40542715620000, 67836665140000, 19449856030000, 25242494955000, 22909125915000, 59093902300000, '6852acb1-afab-496c-b616-4c13532e310b', '2022-06-30 10:18:47', '2022-06-30 10:18:47', NULL),
(93983837224000, 17250030488000, 4808561536000, 1609611948000, 26549778760000, 67434058464000, 16541748480000, 18021309220000, 21025254456000, 55881079540000, '697517aa-c2c8-4908-9bf0-0e1af8936456', '2022-06-30 09:30:08', '2022-06-30 09:30:08', NULL),
(33867874756000, 721090046000, 3025791422000, 3491548756000, 8004519346000, 25863355410000, 6963483530000, 15030289292000, 18643499328000, 11874101934000, '6c3d45ae-b5b2-4866-9b49-85d5b5362bf6', '2022-06-29 08:31:13', '2022-06-29 08:31:13', NULL),
(92079568411000, 16308137024000, 4343713311000, 1154902058000, 26744416106000, 65335152305000, 10449629926000, 26339782834000, 18824244111000, 46866732510000, '6df277ff-ba16-4608-b21c-d818f1d1ee40', '2022-07-02 07:59:38', '2022-07-02 07:59:38', NULL),
(123299271495020, 13924941297950, 16899382983960, 6990705533210, 62769388192170, 60529883302850, 32569650738820, 24630934108990, 47654332574380, 66091361458090, '71bed4fe-0c85-4ad3-b67e-899a819ebabf', '2022-06-01 16:44:50', '2022-06-01 16:44:50', NULL),
(113505033642000, 20502282489000, 5164106467000, 1716871676000, 30016894440000, 83488139202000, 16720532140000, 31565967368000, 31325875490000, 61254428053000, '724f15dd-e35b-4cd3-b48c-dd94bf5de0e9', '2022-06-30 12:12:10', '2022-06-30 12:12:10', NULL),
(17507543972000, 4022979472000, 1400995796000, 1094080332000, 7025059196000, 10482484776000, 3148761476000, 1482526136000, 903828300000, 12991010860000, '72d33b00-1b11-42ba-b007-422ae900cc59', '2022-07-02 19:18:37', '2022-07-02 19:18:37', NULL),
(91270735560000, 2898084300000, 9649433860000, 11369766540000, 27729283380000, 63541452180000, 17910605140000, 38251918600000, 50405710620000, 35103638360000, '7809959c-8ae8-4e93-93da-61cea0383340', '2022-06-04 10:07:42', '2022-06-04 10:07:42', NULL),
(6170281051098, 460971774139, 282679209445, 4794875449080, 2638922982707, 3531358068391, 643637066561, 1219466476093, 1540578356351, 4306835543237, '79ede89b-7d9a-4466-8bd9-f6bbc39d3f4a', '2022-12-25 06:59:26', '2022-12-25 06:59:26', NULL),
(109821218584000, 7923222148000, 14912810820000, 13492173676000, 47035037928000, 62786180656000, 22692640424000, 40740980128000, 58739289260000, 46380802568000, '7a1760d0-5c5b-42aa-b79b-acbd52e32823', '2022-06-02 17:49:48', '2022-06-02 17:49:48', NULL),
(18544935598000, 3835725358000, 2303700220000, 1779389786000, 8388343288000, 10156592310000, 4369263066000, 1258424416000, 150428662000, 12987494460000, '7b7b91ee-b1a4-41a4-8227-0bdc9b491391', '2022-07-05 06:03:35', '2022-07-05 06:03:35', NULL),
(35913004000000, 4165096000000, 3612502000000, 1704653000000, 16498602000000, 19414402000000, 8259947000000, 4948471000000, 1358012000000, 22453942000000, '7be6100c-155a-44c4-a2c0-9346fe5e4217', '2022-10-22 09:50:19', '2022-10-22 09:50:19', NULL),
(91977442324000, 1671328916000, 9468881308000, 11276780436000, 27000184484000, 64977257840000, 17685371156000, 39078981356000, 50677983588000, 35208589248000, '7cb26bd2-4b47-43ec-a806-5fbf44b4bf20', '2022-06-04 09:56:05', '2022-06-04 09:56:05', NULL),
(79657751511000, 12522208257000, 3415892688000, 956025018000, 18466526988000, 61191224523000, 7526862603000, 26313480180000, 19157565258000, 39475246239000, '7d64a00c-39f5-4fb3-bfef-d1baa7be4977', '2022-07-02 08:16:25', '2022-07-02 08:16:25', NULL),
(91487335863000, 1753150168000, 11037780600000, 12520647678000, 29827703829000, 61659632034000, 17785506508000, 34966958950000, 48584710867000, 38729049128000, '8157299c-441e-4768-931b-b97a953bac37', '2022-06-04 08:17:39', '2022-06-04 08:17:39', NULL),
(36737072592000, 909455712000, 4706862600000, 4169236368000, 13911582036000, 22825490556000, 8545092072000, 15566096568000, 22034542992000, 12625883952000, '84df9db5-9dfe-445f-bf46-ff75c8ddcdfd', '2022-06-29 09:11:54', '2022-06-29 09:11:54', NULL),
(43814405508000, 2457044678000, 4137542492000, 4378541339000, 13778287609000, 30036117899000, 7927881231000, 17376400544000, 23012725062000, 18510123733000, '8b5a118c-bebb-46ad-a06e-2380270604d6', '2022-06-29 07:25:57', '2022-06-29 07:25:57', NULL),
(101686229720000, 21583506485000, 6190447605000, 1895662355000, 33220838875000, 68465390845000, 14748205410000, 25170984245000, 24287599845000, 57784210645000, '8de480dd-735e-4be6-b0a8-edb1db842023', '2022-06-30 09:44:21', '2022-06-30 09:44:21', NULL),
(50475138691560, 2790100561710, 4107906738870, 3743462527200, 13798911561930, 36676227129630, 7780303708650, 17433206132430, 22247251150740, 25261628850480, '8e1a4693-792e-47e8-bfce-3a38e666175e', '2022-06-28 14:01:03', '2022-06-28 14:01:03', NULL),
(97658341792000, 17501292784000, 6041048168000, 1640827716000, 28820138956000, 68838202836000, 11749070176000, 27270581856000, 24538535524000, 54904420184000, '8f00f5f5-cf65-43b9-8edb-9fab3d318c3c', '2022-06-30 09:38:23', '2022-06-30 09:38:23', NULL),
(5760436006085, 463258339233, 149390521191, 4298380699705, 1792520369017, 3967915637068, 306616838879, 1547087130375, 1645887573560, 3903967200804, '8f6b8167-0fc2-490f-a910-d817600b45bf', '2022-12-29 15:34:38', '2022-12-29 15:34:38', NULL),
(15270154384000, 3489456078000, 1608320528000, 715968834000, 6300637522000, 8969516862000, 2976451014000, 886034666000, 0, 11407668704000, '947bc387-3f45-4817-a8ba-400d6eab6f1f', '2022-07-05 11:53:08', '2022-07-05 11:53:08', NULL),
(87397072752000, 1156670988000, 5231276820000, 11764836732000, 22440142428000, 64956930324000, 17293750452000, 36777775188000, 47570882436000, 33320800920000, '95fc6a83-de26-4059-ba26-c28b3ad85a2f', '2022-06-04 15:18:57', '2022-06-04 15:18:57', NULL),
(18883356416000, 5826092436000, 2205348164000, 1577290472000, 10954631868000, 7928724548000, 5851458500000, 1020144960000, 0, 12010171016000, '97c0185e-84f5-43d1-accb-4801f2f9b1d2', '2022-07-05 06:27:09', '2022-07-05 06:27:09', NULL),
(18669611000000, 2819539000000, 3320648000000, 854470000000, 8234673000000, 10434938000000, 3518917000000, 3169759000000, 1088305000000, 11827066000000, '98a7cfb2-4c92-4460-bfee-645f502926be', '2022-06-01 04:39:56', '2022-06-01 04:39:56', NULL),
(6220371182104, 707446799870, 56342668927, 4695184885118, 2648151173496, 3572220008608, 291502864027, 1626976275623, 1808079563989, 4301510596057, '9a47a013-6d71-4e32-a174-7bd565951c25', '2022-12-25 10:08:18', '2022-12-25 10:08:18', NULL),
(24172933000000, 6301163000000, 2782055000000, 1551135000000, 11739344000000, 12433589000000, 4935696000000, 2967541000000, 832395000000, 16015169000000, '9c8562f4-725a-46f9-8a25-53feaaa8b9bd', '2022-05-31 16:51:00', '2022-05-31 16:51:00', NULL),
(37024028035000, 695130050000, 3405019850000, 3792010985000, 11440621145000, 25583406890000, 7988339625000, 15846026805000, 21304073735000, 13189661605000, '9e4502ac-a634-441e-b6ec-1b9358ad3db0', '2022-06-29 09:28:06', '2022-06-29 09:28:06', NULL),
(44353378219410, 2084308494580, 1941248864880, 3459431518920, 9927635199690, 34425743019720, 8879483066220, 9212121816040, 14550599241490, 26261773337150, '9f65a66b-02bb-4999-9c8d-e88485f3f111', '2022-06-28 12:00:35', '2022-06-28 12:00:35', NULL),
(2922976448418, 24033297180, 329182701498, 545073270, 647143758756, 2275832689662, 287958543756, 577430288124, 678629646600, 1817193148920, '9f6d1bc5-c473-4c69-87a0-f330f991aee1', '2022-09-18 10:07:26', '2022-09-18 10:07:26', NULL),
(6282180229732, 799043722652, 52725632979, 4663622290560, 2722827270198, 3559352959534, 258669858995, 1666853267086, 1803125184536, 4356268406996, 'a12d2c15-5e39-4f42-b9e7-231e8483c84d', '2022-12-25 14:32:58', '2022-12-25 14:32:58', NULL),
(84761449168000, 1246394924000, 4694722376000, 10796406524000, 21001926524000, 63759522644000, 15259895368000, 37184309312000, 46317032900000, 32311369772000, 'a30b1b27-bf04-425a-93ea-cb07c623acd6', '2022-06-04 14:14:34', '2022-06-04 14:14:34', NULL),
(106734764400000, 14399281800000, 6298678350000, 1624347450000, 24968689200000, 81766075200000, 13874697900000, 28608060900000, 28750788675000, 54668006400000, 'a41c54c7-b008-4f02-a60a-7c1fcd4ae402', '2022-07-01 03:57:47', '2022-07-01 03:57:47', NULL),
(20634652000000, 4558383000000, 3604723000000, 990483000000, 9819773000000, 10814879000000, 3855337000000, 7681221000000, 669614000000, 12718033000000, 'a4e74119-eeb6-4d97-8c83-20c82482e395', '2022-05-31 16:32:20', '2022-05-31 16:32:20', NULL),
(17572395434000, 2970453890000, 2301863994000, 787854274000, 6118209674000, 11454185760000, 3821093944000, 1425551850000, 518519010000, 12436361308000, 'a4f427e9-f7af-4e1a-816c-17639c761dd7', '2022-07-03 10:53:24', '2022-07-03 10:53:24', NULL),
(16757030000000, 2975833000000, 2195195000000, 741531000000, 7242082000000, 9514948000000, 4246294000000, 2958557000000, 2104077000000, 9439040000000, 'a5be6634-9888-425e-b73d-3b8a967f7113', '2022-06-01 05:52:32', '2022-06-01 05:52:32', NULL),
(32145304730000, 292888827000, 3545011162000, 2869636462000, 6706817117000, 25438487613000, 5188835883000, 14488825428000, 17159685928000, 12467643419000, 'a5effe16-3af7-4d2b-a0e3-40734d11b297', '2022-06-29 07:45:28', '2022-06-29 07:45:28', NULL),
(6290126551391, 1128567996205, 145088404898, 4278600436106, 2755020904347, 3535105647044, 355040758137, 1763091548663, 1897297790490, 4171527439260, 'a9e5849d-2349-434e-8a90-a5581665b570', '2022-12-29 15:56:11', '2022-12-29 15:56:11', NULL),
(24056755000000, 4340947000000, 2094881000000, 805436000000, 8364356000000, 15692399000000, 3872457000000, 3245102000000, 932184000000, 16763404000000, 'aa8b8ce0-e763-43cc-aa6b-5968a456551f', '2022-05-28 15:28:53', '2022-05-28 15:28:53', NULL),
(119080475124000, 10492997112000, 16570592064000, 15113555444000, 54176713708000, 64903761416000, 23066522388000, 45343734384000, 60620659996000, 50662814696000, 'ace2d490-de1e-4687-a572-e28f8cf89543', '2022-06-04 07:21:32', '2022-06-04 07:21:32', NULL),
(100396965615000, 11619004735000, 5319162600000, 1834579695000, 21061575440000, 79335390175000, 10514459965000, 26752876575000, 19558564880000, 53646874665000, 'ada1768b-51ba-4394-b782-4bdfbf327418', '2022-07-01 03:17:33', '2022-07-01 03:17:33', NULL),
(6395256790725, 592665938152, 481696245465, 4539782337059, 2515016335911, 3880240454814, 194613155628, 1769173298187, 1829356310049, 4431060857070, 'af0ef17a-a2f7-45fd-80a0-304e4ed2161f', '2022-12-25 14:20:10', '2022-12-25 14:20:10', NULL),
(38989683000000, 6105723000000, 4497457000000, 1013203000000, 20946518000000, 18043165000000, 7965665000000, 4501862000000, 1004876000000, 26302851000000, 'b102a146-ad0a-40ee-a94b-7c73992d316b', '2022-05-19 05:13:00', '2022-05-19 05:13:00', NULL),
(122825883648000, 11708071296000, 17095654656000, 5988848448000, 60758925792000, 62066957856000, 29159892672000, 27973322592000, 48212362368000, 65685463872000, 'b2c9a662-98c7-4913-9935-e604d9086a7e', '2022-06-01 16:28:13', '2022-06-01 16:28:13', NULL),
(108993450055000, 22222845945000, 8800202825000, 2033555460000, 36755476420000, 72237973635000, 14006213940000, 24851657355000, 23351960915000, 65223195820000, 'b41456ab-bef2-4462-924f-b211c4ee999e', '2022-06-30 09:18:16', '2022-06-30 09:18:16', NULL),
(3054848249736, 27371040432, 315293030064, 272573904, 621863666992, 2432984582744, 495105306872, 576765971848, 856946854144, 1744054703272, 'b44a0e13-a942-41d5-a743-f08ee14d148e', '2022-09-18 09:42:43', '2022-09-18 09:42:43', NULL),
(128113521489450, 15117402527570, 21449974896560, 6300795283720, 67094711453280, 61018810036170, 32321034200210, 27890406712140, 50922172712250, 67894789112990, 'b618fe8f-5523-4bc1-b40b-1a26c6141f74', '2022-06-17 04:55:38', '2022-06-17 04:55:38', NULL),
(14670816160000, 3508450100000, 1184433880000, 1039150740000, 6063340380000, 8607475780000, 2671256500000, 855039320000, 0, 11144520340000, 'b9f8ee0c-7c1f-40cc-88d2-3b22d6428150', '2022-07-05 11:48:47', '2022-07-05 11:48:47', NULL),
(18864313832000, 3861683592000, 3176240444000, 1459542916000, 10173862088000, 8690451744000, 4897331192000, 1023490624000, 0, 12944788376000, 'be599795-ebe5-4af4-b68f-7d3ba104584a', '2022-07-05 06:35:06', '2022-07-05 06:35:06', NULL),
(87574663912000, 16485454520000, 4228867609000, 1183077089000, 23606889813000, 63967774099000, 9135944929000, 26488804430000, 18584962031000, 44050338714000, 'bf201a40-d777-4c8c-b63b-f127588a97f3', '2022-07-02 07:40:24', '2022-07-02 07:40:24', NULL),
(46446208412000, 2557541920000, 3520871770000, 3912290254000, 12917779642000, 33528428770000, 8818402750000, 14571201254000, 19828349208000, 23056604408000, 'c005ef73-8708-4993-b14d-bf6314d0a54e', '2022-06-28 14:12:31', '2022-06-28 14:12:31', NULL),
(42467911816000, 2138147482000, 3769354255000, 3952536769000, 12502425766000, 29965486050000, 7662923054000, 16039556519000, 21202619452000, 18765432243000, 'c1a274fe-79b6-4ae9-a54a-2202cb970056', '2022-06-29 06:02:23', '2022-06-29 06:02:23', NULL),
(100231154240000, 21890140608000, 4436410496000, 1680864640000, 29302624512000, 70928529728000, 17118362688000, 27791401792000, 27145762560000, 51803239936000, 'c1fab310-887d-40ea-90de-f9c3bb68c63a', '2022-07-01 03:37:14', '2022-07-01 03:37:14', NULL),
(6148620079411, 627247565523, 55109723608, 4729408848091, 2554240542132, 3594379537279, 340230209344, 1521404295486, 1748008623278, 4286627567181, 'c321c62e-1e8b-4c6f-bffa-d776dc6cb6ea', '2022-12-25 12:16:42', '2022-12-25 12:16:42', NULL),
(9578404593600, 398785865925, 61900497225, 414025171500, 1365128796300, 8213275797300, 715063705050, 2443873080750, 2306868520875, 6387659453775, 'c36ea20f-4499-446f-be9e-a0f3a0a25dfc', '2022-10-02 15:53:09', '2022-10-02 15:53:09', NULL),
(45116240964340, 2931254186280, 1785652449420, 4029126084690, 11491304630330, 33624936334010, 9668110415600, 10392633667360, 16176320028680, 25055496881380, 'c5afdb18-7b0e-45bb-8924-f4344209d6ea', '2022-06-28 13:36:59', '2022-06-28 13:36:59', NULL),
(15286212092000, 3912450476000, 1333096264000, 1057552884000, 6464057848000, 8822154244000, 3196011136000, 793201172000, 0, 11296999784000, 'c766f841-5978-434a-9f8a-d7b6d411e839', '2022-07-05 11:40:45', '2022-07-05 11:40:45', NULL),
(18576774000000, 3674687000000, 2328448000000, 1102290000000, 8349927000000, 10226847000000, 5042747000000, 2981622000000, 2368524000000, 10421337000000, 'c7a1c869-6986-465d-8442-42b513d6ef7c', '2022-06-01 07:53:59', '2022-06-01 07:53:59', NULL),
(100804441332000, 12608222144000, 5758510996000, 1520508640000, 21748738144000, 79055703188000, 14704822720000, 23519434960000, 18947050276000, 53140551660000, 'c8e5423e-0671-4f77-94b4-e81a38856eab', '2022-07-01 03:23:05', '2022-07-01 03:23:05', NULL),
(20281429922000, 3636927437000, 2344818255000, 1302338557000, 8198901347000, 12082528575000, 4530140095000, 1592721871000, 691554851000, 14261205413000, 'c94c420b-ca64-43b5-92ae-bd70a6c3c51b', '2022-07-03 10:47:36', '2022-07-03 10:47:36', NULL),
(24826681000000, 6261195000000, 2718746000000, 1102362000000, 12051027000000, 12775654000000, 4219504000000, 3049195000000, 727252000000, 17290069000000, 'ccbaa733-c7e0-4923-a5c7-2e80c100edcc', '2022-05-31 08:17:52', '2022-05-31 08:17:52', NULL),
(98252697156000, 5191168428000, 12740778932000, 13037764836000, 35450095080000, 62802602076000, 20426469748000, 36040329604000, 52642087192000, 41778922440000, 'ce3561cd-448c-4183-97fb-6c8a127e6af5', '2022-06-04 08:47:45', '2022-06-04 08:47:45', NULL),
(36460250488000, 1136410672000, 3337783352000, 3519775232000, 10500243676000, 25960006812000, 7176917880000, 14915837140000, 19798900752000, 14367495468000, 'd17a8bfa-743a-47d0-bc9d-5ff0198df417', '2022-06-29 06:36:37', '2022-06-29 06:36:37', NULL),
(44392192330000, 2441065360000, 3464888332000, 3966788418000, 12752664340000, 31639527990000, 8877437326000, 14460880918000, 20426159306000, 21053874086000, 'd2782318-5304-491c-8caf-45d856b9c223', '2022-06-28 14:06:55', '2022-06-28 14:06:55', NULL),
(24505423000000, 5388964000000, 1808269000000, 1354890000000, 9360763000000, 15144660000000, 4380129000000, 3545823000000, 905790000000, 16411718000000, 'd2b409fc-4b9c-4697-bbda-522772d41e22', '2022-05-28 14:45:39', '2022-05-28 14:45:39', NULL),
(45075152544000, 2816079936000, 3154184640000, 3710062752000, 11950690848000, 33124447200000, 9070567584000, 12359898432000, 17595099840000, 23644686528000, 'd2e54110-249f-4dfc-a86c-ff388e8a74b1', '2022-06-28 13:19:34', '2022-06-28 13:19:34', NULL),
(17212543656000, 5384667904000, 1273274464000, 864479616000, 8500849434000, 8711694222000, 4765441219000, 910850017000, 0, 11536252420000, 'd3354087-0907-4854-9d1f-789b966c31a4', '2022-07-05 06:56:37', '2022-07-05 06:56:37', NULL),
(15229859000000, 3832544000000, 1527400000000, 1069039000000, 7314789000000, 7915070000000, 3879786000000, 2554040000000, 2301232000000, 8679129000000, 'd3a19345-be91-4e68-a414-37c94c71039c', '2022-06-01 13:49:17', '2022-06-01 13:49:17', NULL),
(42030069924000, 2081333280000, 3627434016000, 4354732656000, 12650466744000, 29379603180000, 7567338660000, 16204330500000, 21071861400000, 18258400764000, 'd6efce4a-ae5a-4252-9c01-917e633f5684', '2022-06-29 05:54:52', '2022-06-29 05:54:52', NULL),
(23620401000000, 7930781000000, 3428703000000, 892956000000, 12822104000000, 10798297000000, 4850003000000, 3640052000000, 630202000000, 14916040000000, 'd710fe1f-691b-4ada-af3a-4bf8354d83ef', '2022-05-31 16:21:08', '2022-05-31 16:21:08', NULL),
(92592643508000, 17012569714000, 5109278813000, 1112633394000, 28263750261000, 64328893247000, 11068836125000, 26633136551000, 18609387411000, 46681361176000, 'd98e3f1e-1b5e-4890-bda1-790db5b4db08', '2022-07-02 07:46:57', '2022-07-02 07:46:57', NULL),
(45603977464000, 2526609936000, 3765492232000, 3522270980000, 12651177248000, 32952800216000, 9088294104000, 13371879224000, 18723431652000, 23143804136000, 'dc5ef636-c639-4b9b-a1d4-21056ae0b895', '2022-06-28 12:13:02', '2022-06-28 12:13:02', NULL),
(27043823000000, 2475299000000, 3910404000000, 856776000000, 10202025000000, 16841798000000, 5471716000000, 4064220000000, 733931000000, 17321268000000, 'de70d4b9-f69b-411d-82fd-e08aafad1bd7', '2022-05-27 10:44:57', '2022-05-27 10:44:57', NULL),
(17250630000000, 2900940000000, 2152134000000, 940348000000, 7499597000000, 9751033000000, 4232907000000, 3429197000000, 2473323000000, 9472198000000, 'df38bcf8-db30-495a-9a83-e3653298a270', '2022-06-01 07:44:01', '2022-06-01 07:44:01', NULL),
(16342462045000, 3264729195000, 1190800520000, 849445415000, 5923154965000, 10419307080000, 2923966500000, 1481575095000, 913270540000, 12047588280000, 'dffb066e-627d-41c5-81ef-4a45d69208e7', '2022-07-03 11:15:57', '2022-07-03 11:15:57', NULL),
(16894043000000, 3115337000000, 1638707000000, 1233175000000, 7598476000000, 9295567000000, 4922733000000, 7606496000000, 1975077000000, 9174696000000, 'e051b8ab-18ae-4a85-88f3-1c4f3220a836', '2022-06-01 14:11:47', '2022-06-01 14:11:47', NULL),
(6399477523890, 678968087047, 545117311449, 4444061097195, 2600730976855, 3798746547035, 228163127983, 1702565110632, 1761179101402, 4468318662010, 'e0f1995a-7a52-450d-860f-410359ab64b2', '2022-12-25 14:57:00', '2022-12-25 14:57:00', NULL),
(18407166324000, 5070068040000, 2648051436000, 1472383092000, 10797701808000, 7609464516000, 4437078384000, 989220768000, 0, 12978821424000, 'e2904d37-0c26-4a7e-9609-a07f9743ba66', '2022-07-05 10:48:17', '2022-07-05 10:48:17', NULL),
(36123703000000, 4394195000000, 3529176000000, 1207585000000, 18211500000000, 17912203000000, 7500647000000, 4369332000000, 1047251000000, 24059665000000, 'e3db377f-911c-4526-990b-87e9afc86719', '2022-05-29 07:11:57', '2022-05-29 07:11:57', NULL),
(89078673480000, 1421045344000, 9141272434000, 11818808442000, 27493135636000, 61585537844000, 17429369146000, 36319011600000, 48501348106000, 35325327498000, 'e3e5c7a0-a917-499d-99bb-340bfc854860', '2022-06-04 10:14:25', '2022-06-04 10:14:25', NULL),
(125012308515000, 12239728409000, 15997840569000, 7486952450000, 62401461364000, 62610847151000, 30191119846000, 39914358318000, 61026121845000, 54898854827000, 'e45a8246-8535-4fd7-b57e-580fb71e0697', '2022-06-02 15:36:24', '2022-06-02 15:36:24', NULL),
(96579063075000, 17696124750000, 3486450150000, 1588825950000, 25840697250000, 70738365825000, 17040126225000, 21500940075000, 23981788500000, 54438534525000, 'e7ed49c2-ae01-4d83-8064-173ac250746c', '2022-06-30 12:29:00', '2022-06-30 12:29:00', NULL),
(21987482000000, 3555406000000, 5389678000000, 1156012000000, 11117745000000, 10869737000000, 4513226000000, 3674271000000, 882623000000, 13608095000000, 'e8525f55-0965-493d-ae15-b43f6fdad671', '2022-06-01 05:16:40', '2022-06-01 05:16:40', NULL),
(6046212385412, 560147644881, 56901492696, 4800491399477, 2512714351541, 3533498033871, 432585170220, 1319729869775, 1613297602533, 4293549596245, 'e8afcf9e-2bdb-4345-8f83-3d708412867b', '2022-12-25 12:33:59', '2022-12-25 12:33:59', NULL),
(35990786832000, 932208832000, 4173874504000, 4240040292000, 13839823428000, 22150963404000, 8039254456000, 15653449004000, 21554751692000, 12298083372000, 'ec64ccfa-17ca-4ebc-97ea-2fe8f74d2922', '2022-06-29 09:05:41', '2022-06-29 09:05:41', NULL),
(25231141000000, 4240100000000, 2797126000000, 1537559000000, 11749298000000, 13481843000000, 4902778000000, 2994116000000, 567741000000, 17129386000000, 'ed380e0d-62c9-4975-b7e3-37ff879593a0', '2022-05-31 10:18:49', '2022-05-31 10:18:49', NULL),
(126723419253000, 10951343136000, 17796193254000, 17115600735000, 60684281334000, 66038269059000, 25221992130000, 46885872231000, 61467703434000, 54607677228000, 'ed542337-1439-49c4-ac09-ca833e045e4e', '2022-06-04 08:04:42', '2022-06-04 08:04:42', NULL),
(89877975544000, 16530433052000, 3496254412000, 1480707256000, 24388121996000, 65489853548000, 16125095532000, 18096940036000, 21112352604000, 52280934720000, 'eef09e3c-06fb-4fd9-a3bb-fa1649e91517', '2022-07-01 03:04:54', '2022-07-01 03:04:54', NULL),
(97556596261000, 2159181298000, 6977288966000, 12451693123000, 26043319764000, 71513276497000, 19230922048000, 40524655619000, 53523245383000, 37795756731000, 'efc45014-0962-474b-9567-6f72e6c2475f', '2022-06-08 14:17:54', '2022-06-08 14:17:54', NULL),
(42938134416000, 2219835933000, 3708164151000, 4792747608000, 13636453599000, 29301680817000, 8037809379000, 17013611052000, 22635960669000, 17886713985000, 'f0217a97-a5f1-4f11-9e89-6a56d3d56d61', '2022-06-29 07:35:55', '2022-06-29 07:35:55', NULL),
(34776322688000, 1501515600000, 3390265568000, 3636455712000, 10372711388000, 24403611300000, 6874671252000, 15542863724000, 19352757100000, 12358787712000, 'f5da4850-9fe4-4ed9-97a2-1b46e334079a', '2022-06-29 08:16:45', '2022-06-29 08:16:45', NULL),
(92721364758000, 15394428810000, 4509272016000, 1287995544000, 24456532482000, 68264832276000, 9769906728000, 25936834248000, 17894217924000, 48828479814000, 'f95173c0-4202-455b-921d-9719e1e18b07', '2022-07-01 03:44:25', '2022-07-01 03:44:25', NULL),
(125220072300000, 10849654800000, 17460978912000, 17713582008000, 61005713064000, 64214359236000, 27010541100000, 43429058628000, 61404018036000, 54772552908000, 'f9c172ae-58ae-448f-b561-7a9ca3de8eed', '2022-06-02 15:36:19', '2022-06-02 15:36:19', NULL),
(97094893540000, 2372326150000, 10368901390000, 11941062360000, 28613037200000, 68481856340000, 20412820170000, 40496477845000, 54159597645000, 36180836250000, 'fd9cccd9-8550-474d-a52b-5c13225bb841', '2022-06-04 15:54:03', '2022-06-04 15:54:03', NULL),
(17600211646000, 3112774962000, 1674888614000, 1291555686000, 6126509322000, 11473702324000, 3282243442000, 1437036022000, 438738380000, 12997456680000, 'ff4ccf88-5748-4358-b434-beea4bd9929f', '2022-07-03 10:59:22', '2022-07-03 10:59:22', NULL);

-- --------------------------------------------------------

--
-- Table structure for table `sequelizemeta`
--

CREATE TABLE `sequelizemeta` (
  `name` varchar(255) COLLATE utf8_unicode_ci NOT NULL
) ENGINE=InnoDB DEFAULT CHARSET=utf8 COLLATE=utf8_unicode_ci;

--
-- Dumping data for table `sequelizemeta`
--

INSERT INTO `sequelizemeta` (`name`) VALUES
('20220303065744-create-emiten-table.js'),
('20220303071441-create-laporan_keuangan-table.js'),
('20220303073342-create-neraca_keuangan-table.js'),
('20220303073950-create-laba_rugi-table.js'),
('20220303074330-create-arus_kas-table.js'),
('20220303074338-create-dividen-table.js'),
('20220526092725-add-beban_bunga-column.js'),
('20220707073737-create-user-table.js');

-- --------------------------------------------------------

--
-- Table structure for table `user`
--

CREATE TABLE `user` (
  `id` char(36) CHARACTER SET utf8mb4 COLLATE utf8mb4_bin NOT NULL,
  `nama_lengkap` varchar(128) NOT NULL,
  `email` varchar(128) NOT NULL,
  `password` varchar(255) NOT NULL,
  `role` enum('admin','user') NOT NULL,
  `created_at` datetime DEFAULT NULL,
  `updated_at` datetime DEFAULT NULL,
  `deleted_at` datetime DEFAULT NULL
) ENGINE=InnoDB DEFAULT CHARSET=utf8mb4;

--
-- Dumping data for table `user`
--

INSERT INTO `user` (`id`, `nama_lengkap`, `email`, `password`, `role`, `created_at`, `updated_at`, `deleted_at`) VALUES
('44a89e64-5669-46aa-a795-420de0925ee7', 'lukman', 'lukman@gmail.com', '$2b$10$gzOQuFoDD1zxEQYiuT1vdOQBJKijCG0suqPIX/aceI86Pmi5eiFMm', 'admin', '2022-09-18 07:08:40', '2022-09-18 07:08:40', NULL);

--
-- Indexes for dumped tables
--

--
-- Indexes for table `arus_kas`
--
ALTER TABLE `arus_kas`
  ADD PRIMARY KEY (`id`);

--
-- Indexes for table `dividen`
--
ALTER TABLE `dividen`
  ADD PRIMARY KEY (`id`);

--
-- Indexes for table `emiten`
--
ALTER TABLE `emiten`
  ADD PRIMARY KEY (`id`),
  ADD UNIQUE KEY `kode_emiten` (`kode_emiten`);

--
-- Indexes for table `laba_rugi`
--
ALTER TABLE `laba_rugi`
  ADD PRIMARY KEY (`id`);

--
-- Indexes for table `laporan_keuangan`
--
ALTER TABLE `laporan_keuangan`
  ADD PRIMARY KEY (`id`);

--
-- Indexes for table `neraca_keuangan`
--
ALTER TABLE `neraca_keuangan`
  ADD PRIMARY KEY (`id`);

--
-- Indexes for table `sequelizemeta`
--
ALTER TABLE `sequelizemeta`
  ADD PRIMARY KEY (`name`),
  ADD UNIQUE KEY `name` (`name`);

--
-- Indexes for table `user`
--
ALTER TABLE `user`
  ADD PRIMARY KEY (`id`,`email`);
COMMIT;

/*!40101 SET CHARACTER_SET_CLIENT=@OLD_CHARACTER_SET_CLIENT */;
/*!40101 SET CHARACTER_SET_RESULTS=@OLD_CHARACTER_SET_RESULTS */;
/*!40101 SET COLLATION_CONNECTION=@OLD_COLLATION_CONNECTION */;
